Workbook

Sheet Today
A1: A7 — today | B1: =TODAY() -> 46311
A3: Showing | B3: =IF($B$44>131,"The school year has ended.",IF(INDEX('Scope & Sequence'!$A$2:$A$132,$B$44)=TODAY(),"Today's class",IF(INDEX('Scope & Sequence'!$A$2:$A$132,$B$44)<TODAY(),"The PM3 window (3–28 May)","Next class: "&TEXT(INDEX('Scope & Sequence'!$A$2:$A$132,$B$44),"dddd d mmmm")))) -> Today's class
A5: Lesson | B5: =IF($B$44>131,"",INDEX('Scope & Sequence'!$D$2:$D$132,$B$44)&" "&INDEX('Scope & Sequence'!$E$2:$E$132,$B$44)) -> 4.01 Add and subtract in scientific notation
A6: Learning target | B6: =IF($B$44>131,"",INDEX('Scope & Sequence'!$T$2:$T$132,$B$44)&"") -> I can add and subtract two numbers written in scientific notation, and write the answer in scientific notation.
A7: Essential question | B7: =IF($B$44>131,"",INDEX('Scope & Sequence'!$U$2:$U$132,$B$44)&"") -> Why must two numbers written in scientific notation carry the same power of ten before they can be added?
A8: Vocabulary | B8: =IF($B$44>131,"",INDEX('Scope & Sequence'!$V$2:$V$132,$B$44)&"") -> scientific notation, coefficient, common power of ten
A9: Benchmark | B9: =IF($B$44>131,"",INDEX('Scope & Sequence'!$W$2:$W$132,$B$44)&"") -> 8.NSO.1.5
A10: IXL assigned | B10: =IF($B$44>131,"",IF(INDEX('Scope & Sequence'!$R$2:$R$132,$B$44)&""="","none",INDEX('Scope & Sequence'!$R$2:$R$132,$B$44)&" — due "&TEXT(INDEX('Scope & Sequence'!$S$2:$S$132,$B$44),"ddd d mmm"))) -> Add and subtract numbers written in scientific notation — HUR — due Mon 19 Oct
A11: IXL due at the start of class | B11: =IF($B$44>131,"",IFERROR(INDEX('IXL tracker'!$D$5:$D$86,MATCH(INDEX('Scope & Sequence'!$A$2:$A$132,$B$44),'IXL tracker'!$G$5:$G$86,0)),"nothing due")) -> nothing due
A12: Closure question | B12: =IF($B$44>131,"",INDEX('Scope & Sequence'!$Z$2:$Z$132,$B$44)&"") -> Devon writes (1.9 × 10²) + (6.6 × 10⁴) = 8.5 × 10⁶. Name the two mistakes he made, and give the correct sum.
A14: Open
A15: Slides (PDF) | B15: =IF($B$44>131,"—",IF(INDEX(Links!$B$2:$B$132,$B$44)&""="","—",HYPERLINK(INDEX(Links!$B$2:$B$132,$B$44),INDEX('Scope & Sequence'!$F$2:$F$132,$B$44)&""))) -> open
A16: Slides (PowerPoint) | B16: =IF($B$44>131,"—",IF(INDEX(Links!$C$2:$C$132,$B$44)&""="","—",HYPERLINK(INDEX(Links!$C$2:$C$132,$B$44),INDEX('Scope & Sequence'!$G$2:$G$132,$B$44)&""))) -> open
A17: Teacher Edition | B17: =IF($B$44>131,"—",IF(INDEX(Links!$D$2:$D$132,$B$44)&""="","—",HYPERLINK(INDEX(Links!$D$2:$D$132,$B$44),INDEX('Scope & Sequence'!$H$2:$H$132,$B$44)&""))) -> open
A18: Lesson Plan | B18: =IF($B$44>131,"—",IF(INDEX(Links!$E$2:$E$132,$B$44)&""="","—",HYPERLINK(INDEX(Links!$E$2:$E$132,$B$44),INDEX('Scope & Sequence'!$I$2:$I$132,$B$44)&""))) -> open
A19: Question Bank | B19: =IF($B$44>131,"—",IF(INDEX(Links!$F$2:$F$132,$B$44)&""="","—",HYPERLINK(INDEX(Links!$F$2:$F$132,$B$44),INDEX('Scope & Sequence'!$J$2:$J$132,$B$44)&""))) -> open
A20: Bank key | B20: =IF($B$44>131,"—",IF(INDEX(Links!$G$2:$G$132,$B$44)&""="","—",HYPERLINK(INDEX(Links!$G$2:$G$132,$B$44),INDEX('Scope & Sequence'!$K$2:$K$132,$B$44)&""))) -> key
A21: Bank – Additional | B21: =IF($B$44>131,"—",IF(INDEX(Links!$H$2:$H$132,$B$44)&""="","—",HYPERLINK(INDEX(Links!$H$2:$H$132,$B$44),INDEX('Scope & Sequence'!$L$2:$L$132,$B$44)&""))) -> open
A22: Additional key | B22: =IF($B$44>131,"—",IF(INDEX(Links!$I$2:$I$132,$B$44)&""="","—",HYPERLINK(INDEX(Links!$I$2:$I$132,$B$44),INDEX('Scope & Sequence'!$M$2:$M$132,$B$44)&""))) -> key
A23: Independent Set | B23: =IF($B$44>131,"—",IF(INDEX(Links!$J$2:$J$132,$B$44)&""="","—",HYPERLINK(INDEX(Links!$J$2:$J$132,$B$44),INDEX('Scope & Sequence'!$N$2:$N$132,$B$44)&""))) -> open
A24: Independent key | B24: =IF($B$44>131,"—",IF(INDEX(Links!$K$2:$K$132,$B$44)&""="","—",HYPERLINK(INDEX(Links!$K$2:$K$132,$B$44),INDEX('Scope & Sequence'!$O$2:$O$132,$B$44)&""))) -> key
A25: Unit folder | B25: =IF($B$44>131,"—",IF(INDEX(Links!$L$2:$L$132,$B$44)&""="","—",HYPERLINK(INDEX(Links!$L$2:$L$132,$B$44),INDEX('Scope & Sequence'!$P$2:$P$132,$B$44)&""))) -> folder
A26: Everything for this lesson | B26: =IF($B$44>131,"—",IF(INDEX(Links!$M$2:$M$132,$B$44)&""="","—",HYPERLINK(INDEX(Links!$M$2:$M$132,$B$44),INDEX('Scope & Sequence'!$Q$2:$Q$132,$B$44)&""))) -> search
A28: Coming up
A29: Date | B29: Lesson | C29: Slides
A30: =IF(($B$44+1)>131,"",INDEX('Scope & Sequence'!$A$2:$A$132,($B$44+1))) -> 46314 | B30: =IF(($B$44+1)>131,"",INDEX('Scope & Sequence'!$D$2:$D$132,($B$44+1))&" "&INDEX('Scope & Sequence'!$E$2:$E$132,($B$44+1))) -> 4.02+03 Multiply and divide in scientific notation | C30: =IF(($B$44+1)>131,"",IF(INDEX(Links!$B$2:$B$132,($B$44+1))&""="","—",HYPERLINK(INDEX(Links!$B$2:$B$132,($B$44+1)),INDEX('Scope & Sequence'!$F$2:$F$132,($B$44+1))&""))) -> open
A31: =IF(($B$44+2)>131,"",INDEX('Scope & Sequence'!$A$2:$A$132,($B$44+2))) -> 46315 | B31: =IF(($B$44+2)>131,"",INDEX('Scope & Sequence'!$D$2:$D$132,($B$44+2))&" "&INDEX('Scope & Sequence'!$E$2:$E$132,($B$44+2))) -> 4.04 Real-world scientific notation; significant digits | C31: =IF(($B$44+2)>131,"",IF(INDEX(Links!$B$2:$B$132,($B$44+2))&""="","—",HYPERLINK(INDEX(Links!$B$2:$B$132,($B$44+2)),INDEX('Scope & Sequence'!$F$2:$F$132,($B$44+2))&""))) -> open
A32: =IF(($B$44+3)>131,"",INDEX('Scope & Sequence'!$A$2:$A$132,($B$44+3))) -> 46316 | B32: =IF(($B$44+3)>131,"",INDEX('Scope & Sequence'!$D$2:$D$132,($B$44+3))&" "&INDEX('Scope & Sequence'!$E$2:$E$132,($B$44+3))) -> 4.05 Expressions with radicals (perfect squares to 225, cubes −125 to 125) | C32: =IF(($B$44+3)>131,"",IF(INDEX(Links!$B$2:$B$132,($B$44+3))&""="","—",HYPERLINK(INDEX(Links!$B$2:$B$132,($B$44+3)),INDEX('Scope & Sequence'!$F$2:$F$132,($B$44+3))&""))) -> open
A33: =IF(($B$44+4)>131,"",INDEX('Scope & Sequence'!$A$2:$A$132,($B$44+4))) -> 46317 | B33: =IF(($B$44+4)>131,"",INDEX('Scope & Sequence'!$D$2:$D$132,($B$44+4))&" "&INDEX('Scope & Sequence'!$E$2:$E$132,($B$44+4))) -> 4.06 Order of operations with exponents and radicals | C33: =IF(($B$44+4)>131,"",IF(INDEX(Links!$B$2:$B$132,($B$44+4))&""="","—",HYPERLINK(INDEX(Links!$B$2:$B$132,($B$44+4)),INDEX('Scope & Sequence'!$F$2:$F$132,($B$44+4))&""))) -> open
A34: =IF(($B$44+5)>131,"",INDEX('Scope & Sequence'!$A$2:$A$132,($B$44+5))) -> 46318 | B34: =IF(($B$44+5)>131,"",INDEX('Scope & Sequence'!$D$2:$D$132,($B$44+5))&" "&INDEX('Scope & Sequence'!$E$2:$E$132,($B$44+5))) -> 4.07+08 Real-world order-of-operations problems | C34: =IF(($B$44+5)>131,"",IF(INDEX(Links!$B$2:$B$132,($B$44+5))&""="","—",HYPERLINK(INDEX(Links!$B$2:$B$132,($B$44+5)),INDEX('Scope & Sequence'!$F$2:$F$132,($B$44+5))&""))) -> open
A36: This tab follows today's date: on a class day it shows that day; on a weekend or holiday, the next class day. A link opens the document in Google Drive — your own edited copy if you have made one. Where your Drive does not have the file yet, it opens Drive showing the one file with that name.
A44: Plan row shown | B44: =IF(TODAY()>$B$45,131+1,MIN(COUNTIF('Scope & Sequence'!$A$2:$A$132,"<"&TODAY())+1,131)) -> 17
A45: Last day of school | B45: 46535

Sheet Scope & Sequence
A1: Date | B1: Day | C1: Unit | D1: Lesson | E1: What is taught | F1: Slides (PDF) | G1: Slides (PowerPoint) | H1: Teacher Edition | I1: Lesson Plan | J1: Question Bank | K1: Bank key | L1: Bank – Additional | M1: Additional key | N1: Independent Set | O1: Independent key | P1: Unit folder | Q1: Everything for this lesson | R1: IXL skills — all required, code | S1: IXL due | T1: Learning target | U1: Essential question | V1: Vocabulary | W1: Benchmark | X1: Benchmark wording | Y1: MTRs (tap for where they show up) | Z1: Closure question (board 9) | AA1: Closure answer | AB1: Math Nation lesson(s)
A2: 46288 | B2: Wed (43 min) | C2: 3 | D2: 3.01 | E2: Product laws of exponents | F2: =HYPERLINK(Links!$B$2,"open") -> open | G2: =HYPERLINK(Links!$C$2,"open") -> open | H2: =HYPERLINK(Links!$D$2,"open") -> open | I2: =HYPERLINK(Links!$E$2,"open") -> open | J2: =HYPERLINK(Links!$F$2,"open") -> open | K2: =HYPERLINK(Links!$G$2,"key") -> key | L2: =HYPERLINK(Links!$H$2,"open") -> open | M2: =HYPERLINK(Links!$I$2,"key") -> key | N2: =HYPERLINK(Links!$J$2,"open") -> open | O2: =HYPERLINK(Links!$K$2,"key") -> key | P2: =HYPERLINK(Links!$L$2,"folder") -> folder | Q2: =HYPERLINK(Links!$M$2,"search") -> search | R2: Evaluate powers — SZQ; Multiplication with exponents — 5SK; Power rule — 8DA; Understanding exponents — BFA | S2: 46289 | T2: I can use the product of powers, power of a product, power of a power and identity laws to rewrite and evaluate a numerical expression. | U2: How can the laws of exponents be used to write an equivalent expression? | V2: base, exponent, power, product of powers law, power of a product law, power of a power law, identity exponent law | W2: 7.NSO.1.1 · 8.NSO.1.3 | X2: MA.7.NSO.1.1 — Know and apply the Laws of Exponents to evaluate numerical expressions and generate equivalent numerical expressions, limited to whole-number exponents and rational number bases. MA.8.NSO.1.3 — Extend previous understanding of the Laws of Exponents to include integer exponents. Apply the Laws of Exponents to evaluate numerical expressions and generate equivalent numerical expressions, limited to integer exponents and rational number bases, with procedural fluency. | Y2: MA.K12.MTR.5.1 Use patterns and structure to help understand and connect mathematical concepts. MA.K12.MTR.3.1 Complete tasks with mathematical fluency. MA.K12.MTR.4.1 Engage in discussions that reflect on the mathematical thinking of self and others. | Z2: Aiyanna says she can use the power of a product law to evaluate (9 + (−3))³. Is she right? | AA2: No — (9 + (−3))³ = 6³ = 216 | AB2: 3.1 Product Laws of Exponents
A3: 46289 | B3: Thu | C3: 3 | D3: 3.02 | E3: Quotient laws of exponents | F3: =HYPERLINK(Links!$B$3,"open") -> open | G3: =HYPERLINK(Links!$C$3,"open") -> open | H3: =HYPERLINK(Links!$D$3,"open") -> open | I3: =HYPERLINK(Links!$E$3,"open") -> open | J3: =HYPERLINK(Links!$F$3,"open") -> open | K3: =HYPERLINK(Links!$G$3,"key") -> key | L3: =HYPERLINK(Links!$H$3,"open") -> open | M3: =HYPERLINK(Links!$I$3,"key") -> key | N3: =HYPERLINK(Links!$J$3,"open") -> open | O3: =HYPERLINK(Links!$K$3,"key") -> key | P3: =HYPERLINK(Links!$L$3,"folder") -> folder | Q3: =HYPERLINK(Links!$M$3,"search") -> search | R3: Powers with negative bases — WFW; Division with exponents — XNC; Identify equivalent expressions involving whole-number exponents — KBE | S3: 46290 | T3: I can use the quotient of powers, power of a quotient and zero exponent laws to rewrite and evaluate a numerical expression. | U3: Why must the bases be the same to apply the quotient of powers law? | V3: quotient of powers law, power of a quotient law, zero exponent law | W3: 7.NSO.1.1 · 8.NSO.1.3 | X3: MA.7.NSO.1.1 — Know and apply the Laws of Exponents to evaluate numerical expressions and generate equivalent numerical expressions, limited to whole-number exponents and rational number bases. MA.8.NSO.1.3 — Extend previous understanding of the Laws of Exponents to include integer exponents. Apply the Laws of Exponents to evaluate numerical expressions and generate equivalent numerical expressions, limited to integer exponents and rational number bases, with procedural fluency. | Y3: MA.K12.MTR.5.1 Use patterns and structure to help understand and connect mathematical concepts. MA.K12.MTR.6.1 Assess the reasonableness of solutions. MA.K12.MTR.4.1 Engage in discussions that reflect on the mathematical thinking of self and others. | Z3: Hannah cancels 6²/6² to 1. Sebastian subtracts to 6⁰. Who is right? | AA3: Both — 6⁰ = 1 | AB3: 3.2 Quotient Laws of Exponents
A4: 46290 | B4: Fri | C4: 3 | D4: 3.03 | E4: Exponential expressions | F4: =HYPERLINK(Links!$B$4,"open") -> open | G4: =HYPERLINK(Links!$C$4,"open") -> open | H4: =HYPERLINK(Links!$D$4,"open") -> open | I4: =HYPERLINK(Links!$E$4,"open") -> open | J4: =HYPERLINK(Links!$F$4,"open") -> open | K4: =HYPERLINK(Links!$G$4,"key") -> key | L4: =HYPERLINK(Links!$H$4,"open") -> open | M4: =HYPERLINK(Links!$I$4,"key") -> key | N4: =HYPERLINK(Links!$J$4,"open") -> open | O4: =HYPERLINK(Links!$K$4,"key") -> key | P4: =HYPERLINK(Links!$L$4,"folder") -> folder | Q4: =HYPERLINK(Links!$M$4,"search") -> search | R4: Evaluate expressions using properties of exponents — ZE9 | S4: 46293 | T4: I can apply more than one law of exponents to evaluate an expression and to write an equivalent one. | U4: How can the laws of exponents be used to generate equivalent numeric expressions? | V4: equivalent expressions, evaluate, plan | W4: 7.NSO.1.1 · 8.NSO.1.3 | X4: MA.7.NSO.1.1 — Know and apply the Laws of Exponents to evaluate numerical expressions and generate equivalent numerical expressions, limited to whole-number exponents and rational number bases. MA.8.NSO.1.3 — Extend previous understanding of the Laws of Exponents to include integer exponents. Apply the Laws of Exponents to evaluate numerical expressions and generate equivalent numerical expressions, limited to integer exponents and rational number bases, with procedural fluency. | Y4: MA.K12.MTR.2.1 Demonstrate understanding by representing problems in multiple ways. MA.K12.MTR.3.1 Complete tasks with mathematical fluency. MA.K12.MTR.6.1 Assess the reasonableness of solutions. | Z4: Winston writes (4⁷/4⁴)² = (4³)². Yvette writes (4⁷/4⁴)² = 4¹⁴/4⁸. Do they get the same value? Explain. | AA4: Yes — both give 4⁶ = 4,096 | AB4: 3.3 Exponential Expressions
A5: 46293 | B5: Mon | C5: 3 | D5: 3.04 | E5: Negative exponent law | F5: =HYPERLINK(Links!$B$5,"open") -> open | G5: =HYPERLINK(Links!$C$5,"open") -> open | H5: =HYPERLINK(Links!$D$5,"open") -> open | I5: =HYPERLINK(Links!$E$5,"open") -> open | J5: =HYPERLINK(Links!$F$5,"open") -> open | K5: =HYPERLINK(Links!$G$5,"key") -> key | L5: =HYPERLINK(Links!$H$5,"open") -> open | M5: =HYPERLINK(Links!$I$5,"key") -> key | N5: =HYPERLINK(Links!$J$5,"open") -> open | O5: =HYPERLINK(Links!$K$5,"key") -> key | P5: =HYPERLINK(Links!$L$5,"folder") -> folder | Q5: =HYPERLINK(Links!$M$5,"search") -> search | R5: Understanding negative exponents — YBB; Evaluate powers with negative exponents — WGS | S5: 46294 | T5: I can rewrite a power with a negative exponent using a positive exponent, and evaluate it. | U5: How do you evaluate a numerical expression that has a negative exponent? | V5: negative exponent law, reciprocal, opposite | W5: 8.NSO.1.3 | X5: MA.8.NSO.1.3 — Extend previous understanding of the Laws of Exponents to include integer exponents. Apply the Laws of Exponents to evaluate numerical expressions and generate equivalent numerical expressions, limited to integer exponents and rational number bases, with procedural fluency. | Y5: MA.K12.MTR.5.1 Use patterns and structure to help understand and connect mathematical concepts. MA.K12.MTR.4.1 Engage in discussions that reflect on the mathematical thinking of self and others. MA.K12.MTR.6.1 Assess the reasonableness of solutions. | Z5: Ellen says the value of 12⁻² is −144. Explain why she is wrong, and show the correct value. | AA5: 12⁻² = 1/12² = 1/144 | AB5: 3.4 Negative Exponent Law
A6: 46294 | B6: Tue | C6: 3 | D6: 3.05 | E6: Applying exponent laws | F6: =HYPERLINK(Links!$B$6,"open") -> open | G6: =HYPERLINK(Links!$C$6,"open") -> open | H6: =HYPERLINK(Links!$D$6,"open") -> open | I6: =HYPERLINK(Links!$E$6,"open") -> open | J6: =HYPERLINK(Links!$F$6,"open") -> open | K6: =HYPERLINK(Links!$G$6,"key") -> key | L6: =HYPERLINK(Links!$H$6,"open") -> open | M6: =HYPERLINK(Links!$I$6,"key") -> key | N6: =HYPERLINK(Links!$J$6,"open") -> open | O6: =HYPERLINK(Links!$K$6,"key") -> key | P6: =HYPERLINK(Links!$L$6,"folder") -> folder | Q6: =HYPERLINK(Links!$M$6,"search") -> search | R6: Identify equivalent expressions involving exponents I — VLM | S6: 46295 | T6: I can rewrite a rational base with a negative exponent using a positive exponent, and apply several laws to generate an equivalent expression. | U6: How do you rewrite a rational base with a negative exponent as an equivalent expression with a positive exponent? | V6: reciprocal of a fraction, rational base with a negative exponent | W6: 8.NSO.1.3 | X6: MA.8.NSO.1.3 — Extend previous understanding of the Laws of Exponents to include integer exponents. Apply the Laws of Exponents to evaluate numerical expressions and generate equivalent numerical expressions, limited to integer exponents and rational number bases, with procedural fluency. | Y6: MA.K12.MTR.5.1 Use patterns and structure to help understand and connect mathematical concepts. MA.K12.MTR.4.1 Engage in discussions that reflect on the mathematical thinking of self and others. MA.K12.MTR.6.1 Assess the reasonableness of solutions. | Z6: Marco says (−4/11)⁻⁷ can be rewritten as (4/11)⁷ because 'two negatives make a positive.' Is he right? | AA6: No — (−4/11)⁻⁷ = (−11/4)⁷ | AB6: 3.5 Applying Exponent Laws
A7: 46295 | B7: Wed (43 min) | C7: 3 | D7: 3.06+07 | E7: Evaluating and equivalent expressions with integer exponents | F7: =HYPERLINK(Links!$B$7,"open") -> open | G7: =HYPERLINK(Links!$C$7,"open") -> open | H7: =HYPERLINK(Links!$D$7,"open") -> open | I7: =HYPERLINK(Links!$E$7,"open") -> open | J7: =HYPERLINK(Links!$F$7,"open") -> open | K7: =HYPERLINK(Links!$G$7,"key") -> key | L7: =HYPERLINK(Links!$H$7,"open") -> open | M7: =HYPERLINK(Links!$I$7,"key") -> key | N7: =HYPERLINK(Links!$J$7,"open") -> open | O7: =HYPERLINK(Links!$K$7,"key") -> key | P7: =HYPERLINK(Links!$L$7,"folder") -> folder | Q7: =HYPERLINK(Links!$M$7,"search") -> search | R7: Evaluate expressions using properties of exponents — 6T7; Identify equivalent expressions involving exponents II — QDM | S7: 46296 | T7: I can evaluate an expression with integer exponents using the laws, and decide whether two expressions with different bases are equivalent. | U7: How do you determine whether two expressions are equivalent when they do not have the same base? | V7: common base, equivalent | W7: 8.NSO.1.3 | X7: MA.8.NSO.1.3 — Extend previous understanding of the Laws of Exponents to include integer exponents. Apply the Laws of Exponents to evaluate numerical expressions and generate equivalent numerical expressions, limited to integer exponents and rational number bases, with procedural fluency. | Y7: MA.K12.MTR.2.1 Demonstrate understanding by representing problems in multiple ways. MA.K12.MTR.5.1 Use patterns and structure to help understand and connect mathematical concepts. MA.K12.MTR.6.1 Assess the reasonableness of solutions. | Z7: Xavier says (1/9)²·3⁻⁵ and (1/3)⁶·9⁻¹ are equivalent because both can be written as 3⁻⁹. Do you agree? | AA7: No — the second is 3⁻⁸, not 3⁻⁹ | AB7: 3.6 Evaluating Numerical Expressions with Integer Exponents 3.7 Equivalent Expressions
A8: 46296 | B8: Thu | C8: 3 | D8: extra | E8: A day off the plan (the log does not say which day, or why) | P8: =HYPERLINK(Links!$L$8,"folder") -> folder
A9: 46297 | B9: Fri | C9: 3 | D9: extra | E9: Extra review day | P9: =HYPERLINK(Links!$L$9,"folder") -> folder
A10: 46300 | B10: Mon | C10: 3 | D10: T-A1 | E10: Thread A: the same laws with variable bases (14.1–14.2) | F10: =HYPERLINK(Links!$B$10,"open") -> open | G10: =HYPERLINK(Links!$C$10,"open") -> open | H10: =HYPERLINK(Links!$D$10,"open") -> open | I10: =HYPERLINK(Links!$E$10,"open") -> open | J10: =HYPERLINK(Links!$F$10,"open") -> open | K10: =HYPERLINK(Links!$G$10,"key") -> key | L10: =HYPERLINK(Links!$H$10,"open") -> open | M10: =HYPERLINK(Links!$I$10,"key") -> key | N10: =HYPERLINK(Links!$J$10,"open") -> open | O10: =HYPERLINK(Links!$K$10,"key") -> key | P10: =HYPERLINK(Links!$L$10,"folder") -> folder | Q10: =HYPERLINK(Links!$M$10,"search") -> search | R10: Multiply powers: variable bases — TR9; Powers of a power: variable bases — 2CU; Divide monomials with positive exponents — C8L | S10: 46301 | T10: I can multiply and divide monomials, and raise a monomial to a power, by applying the laws of exponents to variable bases. | U10: Do the laws of exponents change when the base is a variable? | V10: monomial, coefficient, like bases | W10: 8.AR.1.1 | X10: MA.8.AR.1.1 — Apply the Laws of Exponents to generate equivalent algebraic expressions, limited to integer exponents and monomial bases. | Y10: MA.K12.MTR.5.1 Use patterns and structure to help understand and connect mathematical concepts. MA.K12.MTR.3.1 Complete tasks with mathematical fluency. MA.K12.MTR.4.1 Engage in discussions that reflect on the mathematical thinking of self and others. | Z10: Rachel writes (14a³b)³ as 14 · 14 · 14 · a · a · a · a · a · a · a · a · a · b · b · b. Justina writes it as 2,744a⁹b³. Who is correct? Explain. | AA10: Both are correct; 14³ = 2,744, nine a's make a⁹, and b · b · b = b³. | AB10: 14.1 Applying Exponent Laws to Algebraic Expressions – Part 1 14.2 … Part 2
A11: 46301 | B11: Tue | C11: 3 | D11: T-A2 | E11: Thread A: negative exponents and multiple laws, variable bases (14.3–14.4) | F11: =HYPERLINK(Links!$B$11,"open") -> open | G11: =HYPERLINK(Links!$C$11,"open") -> open | H11: =HYPERLINK(Links!$D$11,"open") -> open | I11: =HYPERLINK(Links!$E$11,"open") -> open | J11: =HYPERLINK(Links!$F$11,"open") -> open | K11: =HYPERLINK(Links!$G$11,"key") -> key | L11: =HYPERLINK(Links!$H$11,"open") -> open | M11: =HYPERLINK(Links!$I$11,"key") -> key | N11: =HYPERLINK(Links!$J$11,"open") -> open | O11: =HYPERLINK(Links!$K$11,"key") -> key | P11: =HYPERLINK(Links!$L$11,"folder") -> folder | Q11: =HYPERLINK(Links!$M$11,"search") -> search | R11: Variables with negative exponents — 2NL; Multiply and divide powers: variable bases — 85P | S11: 46302 | T11: I can rewrite an algebraic expression with negative exponents using only positive exponents, and apply several laws of exponents to a monomial expression. | U11: What does a negative exponent on a variable mean, and how do several laws combine in one expression? | V11: negative exponent law, simplified form | W11: 8.AR.1.1 | X11: MA.8.AR.1.1 — Apply the Laws of Exponents to generate equivalent algebraic expressions, limited to integer exponents and monomial bases. | Y11: MA.K12.MTR.5.1 Use patterns and structure to help understand and connect mathematical concepts. MA.K12.MTR.6.1 Assess the reasonableness of solutions. MA.K12.MTR.4.1 Engage in discussions that reflect on the mathematical thinking of self and others. | Z11: How are x⁵ and x⁻⁵ related? Explain, and give the value of each when x = 2. | AA11: x⁻⁵ is the reciprocal of x⁵. When x = 2: x⁵ = 32 and x⁻⁵ = 1/32. | AB11: 14.3 Algebraic Expressions with Negative Exponents 14.4 Applying Multiple Laws of Exponents
A12: 46302 | B12: Wed (43 min) | C12: 3 | D12: 3.08 | E12: Large numbers in scientific notation | F12: =HYPERLINK(Links!$B$12,"open") -> open | G12: =HYPERLINK(Links!$C$12,"open") -> open | H12: =HYPERLINK(Links!$D$12,"open") -> open | I12: =HYPERLINK(Links!$E$12,"open") -> open | J12: =HYPERLINK(Links!$F$12,"open") -> open | K12: =HYPERLINK(Links!$G$12,"key") -> key | L12: =HYPERLINK(Links!$H$12,"open") -> open | M12: =HYPERLINK(Links!$I$12,"key") -> key | N12: =HYPERLINK(Links!$J$12,"open") -> open | O12: =HYPERLINK(Links!$K$12,"key") -> key | P12: =HYPERLINK(Links!$L$12,"folder") -> folder | Q12: =HYPERLINK(Links!$M$12,"search") -> search | R12: Convert between standard and scientific notation: large numbers — 2AL; Compare large numbers — WEZ; Powers of ten — LJQ | S12: 46304 | T12: I can write a large number in scientific notation, read one back into standard form, and find how many times larger one number is than another. | U12: How does a power of 10 let us write a very large number briefly, and compare two of them? | V12: scientific notation, standard form, coefficient | W12: 8.NSO.1.4 | X12: MA.8.NSO.1.4 — Express numbers in scientific notation to represent and approximate very large or very small quantities. Determine how many times larger or smaller one number is compared to a second number. | Y12: MA.K12.MTR.7.1 Apply mathematics to real-world contexts. MA.K12.MTR.5.1 Use patterns and structure to help understand and connect mathematical concepts. MA.K12.MTR.6.1 Assess the reasonableness of solutions. | Z12: Marcus writes 70,000,000 as 70 × 10⁶. Is his expression equal to 70,000,000? Is it scientific notation? Explain. | AA12: Equal, yes. Scientific notation, no: 70 is not less than 10. 7 × 10⁷. | AB12: 3.8 Writing Large Numbers in Scientific Notation
A13: 46303 | B13: Thu | C13: 3 | D13: off | E13: State test — no class | P13: =HYPERLINK(Links!$L$13,"folder") -> folder
A14: 46304 | B14: Fri | C14: 3 | D14: 3.09 | E14: Small numbers in scientific notation; how many times larger | F14: =HYPERLINK(Links!$B$14,"open") -> open | G14: =HYPERLINK(Links!$C$14,"open") -> open | H14: =HYPERLINK(Links!$D$14,"open") -> open | I14: =HYPERLINK(Links!$E$14,"open") -> open | J14: =HYPERLINK(Links!$F$14,"open") -> open | K14: =HYPERLINK(Links!$G$14,"key") -> key | L14: =HYPERLINK(Links!$H$14,"open") -> open | M14: =HYPERLINK(Links!$I$14,"key") -> key | N14: =HYPERLINK(Links!$J$14,"open") -> open | O14: =HYPERLINK(Links!$K$14,"key") -> key | P14: =HYPERLINK(Links!$L$14,"folder") -> folder | Q14: =HYPERLINK(Links!$M$14,"search") -> search | R14: Convert between standard and scientific notation: small numbers — 85M; Compare small numbers — KDR; Powers of ten with negative exponents — SKD | S14: 46308 | T14: I can write very small numbers in scientific notation, read them back, and find how many times larger or smaller one number is than another. | U14: How does a negative power of 10 let us write a very small number, and compare it to another? | V14: negative power of 10, scientific notation | W14: 8.NSO.1.4 | X14: MA.8.NSO.1.4 — Express numbers in scientific notation to represent and approximate very large or very small quantities. Determine how many times larger or smaller one number is compared to a second number. | Y14: MA.K12.MTR.5.1 Use patterns and structure to help understand and connect mathematical concepts. MA.K12.MTR.6.1 Assess the reasonableness of solutions. MA.K12.MTR.7.1 Apply mathematics to real-world contexts. | Z14: Fishing line A is 2 × 10⁻² inch thick. Fishing line B is 6 × 10⁻² inch thick. Which is thicker, and how many times thicker? Give a possible thickness between the two. | AA14: B; 3 times; e.g. 4 × 10⁻² in. | AB14: 3.9 Writing Small Numbers in Scientific Notation
A15: 46308 | B15: Tue | C15: 3 | D15: spiral | E15: Spiral day — mixed retrieval from the unit just finished and the two before it | F15: =HYPERLINK(Links!$B$15,"Unit Review") -> Unit Review | K15: =HYPERLINK(Links!$G$15,"Review key") -> Review key | P15: =HYPERLINK(Links!$L$15,"folder") -> folder
A16: 46309 | B16: Wed (43 min) | C16: 3 | D16: spiral | E16: Spiral day — mixed retrieval from the unit just finished and the two before it | F16: =HYPERLINK(Links!$B$16,"Unit Review") -> Unit Review | K16: =HYPERLINK(Links!$G$16,"Review key") -> Review key | P16: =HYPERLINK(Links!$L$16,"folder") -> folder
A17: 46310 | B17: Thu | C17: 3 | D17: 3.X1 | E17: Unit 3 exam, day 1 | F17: =HYPERLINK(Links!$B$17,"Unit Assessment") -> Unit Assessment | K17: =HYPERLINK(Links!$G$17,"Assessment key") -> Assessment key | P17: =HYPERLINK(Links!$L$17,"folder") -> folder
A18: 46311 | B18: Fri | C18: 4 | D18: 4.01 | E18: Add and subtract in scientific notation | F18: =HYPERLINK(Links!$B$18,"open") -> open | G18: =HYPERLINK(Links!$C$18,"open") -> open | H18: =HYPERLINK(Links!$D$18,"open") -> open | I18: =HYPERLINK(Links!$E$18,"open") -> open | J18: =HYPERLINK(Links!$F$18,"open") -> open | K18: =HYPERLINK(Links!$G$18,"key") -> key | L18: =HYPERLINK(Links!$H$18,"open") -> open | M18: =HYPERLINK(Links!$I$18,"key") -> key | N18: =HYPERLINK(Links!$J$18,"open") -> open | O18: =HYPERLINK(Links!$K$18,"key") -> key | P18: =HYPERLINK(Links!$L$18,"folder") -> folder | Q18: =HYPERLINK(Links!$M$18,"search") -> search | R18: Add and subtract numbers written in scientific notation — HUR | S18: 46314 | T18: I can add and subtract two numbers written in scientific notation, and write the answer in scientific notation. | U18: Why must two numbers written in scientific notation carry the same power of ten before they can be added? | V18: scientific notation, coefficient, common power of ten | W18: 8.NSO.1.5 | X18: MA.8.NSO.1.5 — Add, subtract, multiply and divide numbers expressed in scientific notation with procedural fluency. | Y18: MA.K12.MTR.5.1 Use patterns and structure to help understand and connect mathematical concepts. MA.K12.MTR.6.1 Assess the reasonableness of solutions. MA.K12.MTR.4.1 Engage in discussions that reflect on the mathematical thinking of self and others. | Z18: Devon writes (1.9 × 10²) + (6.6 × 10⁴) = 8.5 × 10⁶. Name the two mistakes he made, and give the correct sum. | AA18: 6.619 × 10⁴ | AB18: 4.1 Adding and Subtracting Numbers Expressed in Scientific Notation
A19: 46314 | B19: Mon | C19: 4 | D19: 4.02+03 | E19: Multiply and divide in scientific notation | F19: =HYPERLINK(Links!$B$19,"open") -> open | G19: =HYPERLINK(Links!$C$19,"open") -> open | H19: =HYPERLINK(Links!$D$19,"open") -> open | I19: =HYPERLINK(Links!$E$19,"open") -> open | J19: =HYPERLINK(Links!$F$19,"open") -> open | K19: =HYPERLINK(Links!$G$19,"key") -> key | L19: =HYPERLINK(Links!$H$19,"open") -> open | M19: =HYPERLINK(Links!$I$19,"key") -> key | N19: =HYPERLINK(Links!$J$19,"open") -> open | O19: =HYPERLINK(Links!$K$19,"key") -> key | P19: =HYPERLINK(Links!$L$19,"folder") -> folder | Q19: =HYPERLINK(Links!$M$19,"search") -> search | R19: Multiply numbers written in scientific notation — YZU; Divide numbers written in scientific notation — SGT | S19: 46315 | T19: I can multiply and divide two numbers written in scientific notation, and write the answer in scientific notation. | U19: Why must the powers of ten match to add, but not to multiply? | V19: product of powers law, quotient of powers law, regrouping a product | W19: 8.NSO.1.5 | X19: MA.8.NSO.1.5 — Add, subtract, multiply and divide numbers expressed in scientific notation with procedural fluency. | Y19: MA.K12.MTR.5.1 Use patterns and structure to help understand and connect mathematical concepts. MA.K12.MTR.3.1 Complete tasks with mathematical fluency. MA.K12.MTR.4.1 Engage in discussions that reflect on the mathematical thinking of self and others. | Z19: For (7.2 × 10¹¹) ÷ (2.4 × 10³), Marcus writes 4.8 × 10⁸ and Sara writes 3 × 10¹⁴. Name what each one did wrong, and give the correct quotient. | AA19: 3 × 10⁸ | AB19: 4.2 Multiplying Numbers Expressed in Scientific Notation 4.3 Dividing Numbers Expressed in Scientific Notation
A20: 46315 | B20: Tue | C20: 4 | D20: 4.04 | E20: Real-world scientific notation; significant digits | F20: =HYPERLINK(Links!$B$20,"open") -> open | G20: =HYPERLINK(Links!$C$20,"open") -> open | H20: =HYPERLINK(Links!$D$20,"open") -> open | I20: =HYPERLINK(Links!$E$20,"open") -> open | J20: =HYPERLINK(Links!$F$20,"open") -> open | K20: =HYPERLINK(Links!$G$20,"key") -> key | L20: =HYPERLINK(Links!$H$20,"open") -> open | M20: =HYPERLINK(Links!$I$20,"key") -> key | N20: =HYPERLINK(Links!$J$20,"open") -> open | O20: =HYPERLINK(Links!$K$20,"key") -> key | P20: =HYPERLINK(Links!$L$20,"folder") -> folder | Q20: =HYPERLINK(Links!$M$20,"search") -> search | R20: Add, subtract, multiply, and divide numbers written in scientific notation: word problems — D5S | S20: 46316 | T20: I can solve a real-world problem with numbers in scientific notation and report the answer with the right number of significant digits. | U20: How much of an answer is worth writing down, when the numbers that produced it were measured? | V20: significant digits, leading zero, measurement | W20: 8.NSO.1.6 | X20: MA.8.NSO.1.6 — Solve real-world problems involving operations with numbers expressed in scientific notation. | Y20: MA.K12.MTR.6.1 Assess the reasonableness of solutions. MA.K12.MTR.7.1 Apply mathematics to real-world contexts. MA.K12.MTR.4.1 Engage in discussions that reflect on the mathematical thinking of self and others. | Z20: Ellis says that because 9,145 has 4 significant digits and 4.8 has 2, the sum 9,145 + 4.8 must be written with 2 significant digits, as 9.1 × 10³. Explain why he is wrong, and give the correct sum. | AA20: 9,150 = 9.150 × 10³ | AB20: 4.4 Solving Real-World Problems Involving Numbers Expressed in Scientific Notation
A21: 46316 | B21: Wed (43 min) | C21: 4 | D21: 4.05 | E21: Expressions with radicals (perfect squares to 225, cubes −125 to 125) | F21: =HYPERLINK(Links!$B$21,"open") -> open | G21: =HYPERLINK(Links!$C$21,"open") -> open | H21: =HYPERLINK(Links!$D$21,"open") -> open | I21: =HYPERLINK(Links!$E$21,"open") -> open | J21: =HYPERLINK(Links!$F$21,"open") -> open | K21: =HYPERLINK(Links!$G$21,"key") -> key | L21: =HYPERLINK(Links!$H$21,"open") -> open | M21: =HYPERLINK(Links!$I$21,"key") -> key | N21: =HYPERLINK(Links!$J$21,"open") -> open | O21: =HYPERLINK(Links!$K$21,"key") -> key | P21: =HYPERLINK(Links!$L$21,"folder") -> folder | Q21: =HYPERLINK(Links!$M$21,"search") -> search | R21: Evaluate radical expressions — D8J | S21: 46318 | T21: I can evaluate an expression that contains square roots, cube roots and integer exponents. | U21: What does the radical bar do to the order in which an expression is evaluated? | V21: radical, radicand, principal square root | W21: 8.NSO.1.7 | X21: MA.8.NSO.1.7 — Solve multi-step mathematical and real-world problems involving the order of operations with rational numbers including exponents and radicals. | Y21: MA.K12.MTR.5.1 Use patterns and structure to help understand and connect mathematical concepts. MA.K12.MTR.6.1 Assess the reasonableness of solutions. MA.K12.MTR.4.1 Engage in discussions that reflect on the mathematical thinking of self and others. | Z21: Simon says that the cube root of −27 is not a real number, because you cannot take the root of a negative. Explain why he is wrong, and give the value. | AA21: −3 | AB21: 4.5 Evaluating Expressions with Radicals
A22: 46317 | B22: Thu | C22: 4 | D22: 4.06 | E22: Order of operations with exponents and radicals | F22: =HYPERLINK(Links!$B$22,"open") -> open | G22: =HYPERLINK(Links!$C$22,"open") -> open | H22: =HYPERLINK(Links!$D$22,"open") -> open | I22: =HYPERLINK(Links!$E$22,"open") -> open | J22: =HYPERLINK(Links!$F$22,"open") -> open | K22: =HYPERLINK(Links!$G$22,"key") -> key | L22: =HYPERLINK(Links!$H$22,"open") -> open | M22: =HYPERLINK(Links!$I$22,"key") -> key | N22: =HYPERLINK(Links!$J$22,"open") -> open | O22: =HYPERLINK(Links!$K$22,"key") -> key | P22: =HYPERLINK(Links!$L$22,"folder") -> folder | Q22: =HYPERLINK(Links!$M$22,"search") -> search | R22: Evaluate radical expressions — D8J | S22: 46318 | T22: I can evaluate a multi-step expression with rational numbers, exponents and radicals by reading its structure. | U22: What decides the order in which an expression is evaluated? | V22: grouping symbol, nested, multi-step expression | W22: 8.NSO.1.7 | X22: MA.8.NSO.1.7 — Solve multi-step mathematical and real-world problems involving the order of operations with rational numbers including exponents and radicals. | Y22: MA.K12.MTR.5.1 Use patterns and structure to help understand and connect mathematical concepts. MA.K12.MTR.3.1 Complete tasks with mathematical fluency. MA.K12.MTR.4.1 Engage in discussions that reflect on the mathematical thinking of self and others. | Z22: Roscoe says that (√n − 11)² is always positive, because a square is always positive. Is he right? Give a value of n that settles it. | AA22: No — at n = 121 the value is 0 | AB22: 4.6 Evaluating Expressions Using the Order of Operations
A23: 46318 | B23: Fri | C23: 4 | D23: 4.07+08 | E23: Real-world order-of-operations problems | F23: =HYPERLINK(Links!$B$23,"open") -> open | G23: =HYPERLINK(Links!$C$23,"open") -> open | H23: =HYPERLINK(Links!$D$23,"open") -> open | I23: =HYPERLINK(Links!$E$23,"open") -> open | J23: =HYPERLINK(Links!$F$23,"open") -> open | K23: =HYPERLINK(Links!$G$23,"key") -> key | L23: =HYPERLINK(Links!$H$23,"open") -> open | M23: =HYPERLINK(Links!$I$23,"key") -> key | N23: =HYPERLINK(Links!$J$23,"open") -> open | O23: =HYPERLINK(Links!$K$23,"key") -> key | P23: =HYPERLINK(Links!$L$23,"folder") -> folder | Q23: =HYPERLINK(Links!$M$23,"search") -> search | R23: Evaluate variable expressions: word problems — DPG | S23: 46321 | T23: I can substitute values into a formula and evaluate it, reading what the situation does rather than hunting for key words. | U23: If key words cannot tell you which operation a problem needs, what can? | V23: formula, substitute, unit | W23: 8.NSO.1.7 | X23: MA.8.NSO.1.7 — Solve multi-step mathematical and real-world problems involving the order of operations with rational numbers including exponents and radicals. | Y23: MA.K12.MTR.7.1 Apply mathematics to real-world contexts. MA.K12.MTR.2.1 Demonstrate understanding by representing problems in multiple ways. MA.K12.MTR.4.1 Engage in discussions that reflect on the mathematical thinking of self and others. | Z23: One pizza order costs 13 dollars plus 2 dollars for each of 5 toppings. Another costs 13 dollars for each of 2 pizzas, plus 5 dollars for delivery. Find both totals, and say why the key words could not have told you. | AA23: 23 dollars and 31 dollars | AB23: 4.7 / 4.8 Evaluating Real-World Problems Using the Order of Operations – Parts 1, 2
A24: 46321 | B24: Mon | C24: 4 | D24: 4.X1 | E24: Unit 4 exam, day 1 | F24: =HYPERLINK(Links!$B$24,"Unit Assessment") -> Unit Assessment | K24: =HYPERLINK(Links!$G$24,"Assessment key") -> Assessment key | P24: =HYPERLINK(Links!$L$24,"folder") -> folder
A25: 46322 | B25: Tue | C25: 4 | D25: 4.X2 | E25: Unit 4 exam, day 2 | F25: =HYPERLINK(Links!$B$25,"Unit Assessment") -> Unit Assessment | K25: =HYPERLINK(Links!$G$25,"Assessment key") -> Assessment key | P25: =HYPERLINK(Links!$L$25,"folder") -> folder
A26: 46323 | B26: Wed (43 min) | C26: 5 | D26: 5.01 | E26: Scale drawings | F26: not built yet | Q26: =HYPERLINK(Links!$M$26,"search") -> search | R26: Scale drawings: find the scale factor, missing side, or missing angle — WEA | S26: 46324 | W26: 7.GR.1.5 | X26: MA.7.GR.1.5 — Solve mathematical and real-world problems involving dimensions and areas of geometric figures, including scale drawings and scale factors. | AB26: 5.1 Scale Drawings
A27: 46324 | B27: Thu | C27: 5 | D27: 5.02+03 | E27: Scale factor: perimeter and area (k and k²) | F27: not built yet | Q27: =HYPERLINK(Links!$M$27,"search") -> search | R27: Perimeter and area: changes in scale — ZC6; Scale drawings: find the scale factor or missing side — XHM | S27: 46325 | W27: 7.GR.1.5 | X27: MA.7.GR.1.5 — Solve mathematical and real-world problems involving dimensions and areas of geometric figures, including scale drawings and scale factors. | AB27: 5.2 Scale Factors – Perimeter & Area 5.3 Solving Problems Involving Perimeter and Area of Geometric Figures
A28: 46325 | B28: Fri | C28: 5 | D28: 5.04 | E28: Real-world scale drawings | F28: not built yet | Q28: =HYPERLINK(Links!$M$28,"search") -> search | R28: Scale drawings: word problems — 84H; Scale drawings: scale factor word problems — KCM | S28: 46328 | W28: 7.GR.1.5 | X28: MA.7.GR.1.5 — Solve mathematical and real-world problems involving dimensions and areas of geometric figures, including scale drawings and scale factors. | AB28: 5.4 Solving Problems Involving Real-World Scale Drawings
A29: 46328 | B29: Mon | C29: 5 | D29: 5.06+07 | E29: Converting length across systems; currency | F29: not built yet | Q29: =HYPERLINK(Links!$M$29,"search") -> search | R29: Convert between customary and metric systems — E8Z; Compare and convert customary units — 4B8; Compare and convert metric units — HW2 | S29: 46330 | W29: 7.AR.3.3 | X29: MA.7.AR.3.3 — Solve mathematical and real-world problems involving the conversion of units across different measurement systems. | AB29: 5.6 Currency Conversions 5.7 Converting Units of Length
A30: 46329 | B30: Tue | C30: 5 | D30: 5.08+09 | E30: Converting mass, area and volume across systems | F30: not built yet | Q30: =HYPERLINK(Links!$M$30,"search") -> search | R30: Convert between customary and metric systems — E8Z; Compare and convert customary units — 4B8; Compare and convert metric units — HW2 | S30: 46330 | W30: 7.AR.3.3 | X30: MA.7.AR.3.3 — Solve mathematical and real-world problems involving the conversion of units across different measurement systems. | AB30: 5.8 Converting Mass and Area 5.9 Converting Units of Volume
A31: 46330 | B31: Wed (43 min) | C31: 5 | D31: 5.10+11 | E31: Multi-step proportion problems | F31: not built yet | Q31: =HYPERLINK(Links!$M$31,"search") -> search | R31: Compare rates: word problems — VVS; Multi-step problems with customary or metric unit conversions — UCT | S31: 46331 | W31: 7.AR.3.3 · 7.AR.4.5 | X31: MA.7.AR.3.3 — Solve mathematical and real-world problems involving the conversion of units across different measurement systems. MA.7.AR.4.5 — Solve real-world problems involving proportional relationships. | AB31: 5.10 Exploring Multi-Step Proportion Problems 5.11 Solving Multi-Step Proportion Problems
A32: 46331 | B32: Thu | C32: 5 | D32: 5.X1 | E32: Unit 5 exam, day 1 | F32: not built yet
A33: 46332 | B33: Fri | C33: 5 | D33: 5.X2 | E33: Unit 5 exam, day 2 | F33: not built yet
A34: 46335 | B34: Mon | C34: 6 | D34: 6.01+02 | E34: Triangle Inequality Theorem; converse of the Pythagorean Theorem | F34: not built yet | Q34: =HYPERLINK(Links!$M$34,"search") -> search | R34: Triangle inequality — 2N5; Converse of the Pythagorean theorem: is it a right triangle? — EQZ | S34: 46336 | W34: 8.GR.1.3 | X34: MA.8.GR.1.3 — Use the Triangle Inequality Theorem to determine if a triangle can be formed from a given set of sides. Use the converse of the Pythagorean Theorem to determine if a right triangle can be formed from a given set of sides. | AB34: 6.1 The Triangle Inequality Theorem and the Converse of the Pythagorean Theorem 6.2 Applying the Triangle Inequality Theorem
A35: 46336 | B35: Tue | C35: 6 | D35: 6.03 | E35: Pythagorean Theorem (memorize) | F35: not built yet | Q35: =HYPERLINK(Links!$M$35,"search") -> search | R35: Pythagorean theorem: find the missing leg or hypotenuse length — MTM | S35: 46338 | W35: 8.GR.1.1 | X35: MA.8.GR.1.1 — Apply the Pythagorean Theorem to solve mathematical and real-world problems involving unknown side lengths in right triangles. | AB35: 6.3 Pythagorean Theorem
A36: 46338 | B36: Thu | C36: 6 | D36: 6.04 | E36: Pythagorean Theorem in real-world problems | F36: not built yet | Q36: =HYPERLINK(Links!$M$36,"search") -> search | R36: Pythagorean theorem: word problems — 87U | S36: 46339 | W36: 8.GR.1.1 | X36: MA.8.GR.1.1 — Apply the Pythagorean Theorem to solve mathematical and real-world problems involving unknown side lengths in right triangles. | AB36: 6.4 Using the Pythagorean Theorem to Solve Real-World Problems
A37: 46339 | B37: Fri | C37: 6 | D37: 6.05 | E37: Distance on the coordinate plane | F37: not built yet | Q37: =HYPERLINK(Links!$M$37,"search") -> search | R37: Find the distance between two points on a horizontal or vertical line — L9V; Find the distance between two points — ZBP | S37: 46342 | W37: 8.GR.1.2 | X37: MA.8.GR.1.2 — Apply the Pythagorean Theorem to solve mathematical and real-world problems involving the distance between two points in a coordinate plane. | AB37: 6.5 Finding Distances on the Coordinate Plane
A38: 46342 | B38: Mon | C38: 6 | D38: 6.06 | E38: Real-world coordinate-plane problems; perimeter | F38: not built yet | Q38: =HYPERLINK(Links!$M$38,"search") -> search | R38: Pythagorean theorem: find the perimeter — VGE | S38: 46343 | W38: 8.GR.1.2 | X38: MA.8.GR.1.2 — Apply the Pythagorean Theorem to solve mathematical and real-world problems involving the distance between two points in a coordinate plane. | AB38: 6.6 Solving Real-World Problems on a Coordinate Plane with the Pythagorean Theorem
A39: 46343 | B39: Tue | C39: 6 | D39: T-B1 | E39: Thread B: angle pairs — supplementary, complementary, vertical, adjacent (16.1) | F39: not built yet | Q39: =HYPERLINK(Links!$M$39,"search") -> search | R39: Identify complementary, supplementary, vertical, adjacent, and congruent angles — HGV; Find measures of complementary, supplementary, vertical, and adjacent angles — R2B; Write and solve equations using angle relationships — DBV | S39: 46344 | W39: 8.GR.1.4 | X39: MA.8.GR.1.4 — Solve mathematical problems involving the relationships between supplementary, complementary, vertical or adjacent angles. | AB39: 16.1 Angle Relationships
A40: 46344 | B40: Wed (43 min) | C40: 6 | D40: T-B2 | E40: Thread B: interior and exterior angles of a triangle (16.2) | F40: not built yet | Q40: =HYPERLINK(Links!$M$40,"search") -> search | R40: Find missing angles in triangles — JFJ; Exterior Angle Theorem — FMP; Triangle Angle-Sum Theorem — 6Q6 | S40: 46345 | W40: 8.GR.1.5 | X40: MA.8.GR.1.5 — Solve problems involving the relationships of interior and exterior angles of a triangle. | AB40: 16.2 Angle Relationships in Triangles
A41: 46345 | B41: Thu | C41: 6 | D41: 6.07+08 | E41: Similar triangles; indirect measurement | F41: not built yet | Q41: =HYPERLINK(Links!$M$41,"search") -> search | R41: Side lengths of similar triangles — QSK; Similar triangles and indirect measurement — 88W; Identify similar triangles — 6PD | S41: 46346 | W41: 8.GR.2.4 | X41: MA.8.GR.2.4 — Solve mathematical and real-world problems involving proportional relationships between similar triangles. | AB41: 6.7 Proportional Relationships and Similar Triangles 6.8 Solving Real-World Problems Using Similar Triangles
A42: 46346 | B42: Fri | C42: 6 | D42: spiral | E42: Spiral day — mixed retrieval from the unit just finished and the two before it | F42: not built yet
A43: 46356 | B43: Mon | C43: 6 | D43: 6.X1 | E43: Unit 6 exam, day 1 | F43: not built yet
A44: 46357 | B44: Tue | C44: 6 | D44: 6.X2 | E44: Unit 6 exam, day 2 | F44: not built yet
A45: 46358 | B45: Wed (43 min) | C45: 6 | D45: flex | E45: Flex day — reteach from exam evidence, or absorb a lost day | F45: not built yet
A46: 46359 | B46: Thu | C46: 7 | D46: 7.01 | E46: Graphing proportional relationships | F46: not built yet | Q46: =HYPERLINK(Links!$M$46,"search") -> search | R46: Graph a proportional relationship: word problems — FJW | S46: 46360 | W46: 7.AR.4.3 | X46: MA.7.AR.4.3 — Given a mathematical or real-world context, graph proportional relationships from a table, equation or a written description. | AB46: 7.1 Graphing Proportional Relationships
A47: 46360 | B47: Fri | C47: 7 | D47: 7.02+03 | E47: Constant of proportionality (table, graph, description) | F47: not built yet | Q47: =HYPERLINK(Links!$M$47,"search") -> search | R47: Interpret graphs of proportional relationships — RMH; Find the constant of proportionality from a table — LKZ; Find the constant of proportionality from a graph — ZUT | S47: 46363 | W47: 7.AR.4.2 | X47: MA.7.AR.4.2 — Determine the constant of proportionality within a mathematical or real-world context given a table, graph or written description of a proportional relationship. | AB47: 7.2 Constant of Proportionality – Part 1 7.3 Constant of Proportionality – Part 2
A48: 46363 | B48: Mon | C48: 7 | D48: 7.04 | E48: Is it proportional? | F48: not built yet | Q48: =HYPERLINK(Links!$M$48,"search") -> search | R48: Identify proportional relationships by graphing — AAN; Identify proportional relationships in tables and graphs — VZK | S48: 46364 | W48: 7.AR.4.1 · 8.AR.3.1 | X48: MA.7.AR.4.1 — Determine whether two quantities have a proportional relationship by examining a table, graph or written description. MA.8.AR.3.1 — Determine if a linear relationship is also a proportional relationship. | AB48: 7.4 Determining if Relationships are Proportional
A49: 46364 | B49: Tue | C49: 7 | D49: 7.05+06 | E49: Equations of proportional relationships; translating representations | F49: not built yet | Q49: =HYPERLINK(Links!$M$49,"search") -> search | R49: Write equations for proportional relationships from tables — 6GU; Write equations for proportional relationships from graphs — JKH; Write and solve equations for proportional relationships — VKK | S49: 46365 | W49: 7.AR.4.4 | X49: MA.7.AR.4.4 — Given any representation of a proportional relationship, translate the representation to a written description, table or equation. | AB49: 7.5 Representing Proportional Relationships with Equations 7.6 Translating Between Representations of Proportional Relationships
A50: 46365 | B50: Wed (43 min) | C50: 7 | D50: 7.07 | E50: Comparing proportional relationships | F50: not built yet | Q50: =HYPERLINK(Links!$M$50,"search") -> search | R50: Compare proportional relationships represented in different ways — 5A9 | S50: 46366 | W50: 7.AR.4.5 | X50: MA.7.AR.4.5 — Solve real-world problems involving proportional relationships. | AB50: 7.7 Putting It All Together
A51: 46366 | B51: Thu | C51: 7 | D51: 7.X1 | E51: Unit 7 exam, day 1 | F51: not built yet
A52: 46367 | B52: Fri | C52: 7 | D52: 7.X2 | E52: Unit 7 exam, day 2 | F52: not built yet
A53: 46370 | B53: Mon | D53: PM2-R1 | E53: PM2 review 1: number system, exponents, scientific notation (whiteboards) | W53: 8.NSO.1.1–1.7 | X53: MA.8.NSO.1.1 — Extend previous understanding of rational numbers to define irrational numbers within the real number system. Locate an approximate value of a numerical expression involving irrational numbers on a number line. MA.8.NSO.1.2 — Plot, order and compare rational and irrational numbers, represented in various forms. MA.8.NSO.1.3 — Extend previous understanding of the Laws of Exponents to include integer exponents. Apply the Laws of Exponents to evaluate numerical expressions and generate equivalent numerical expressions, limited to integer exponents and rational number bases, with procedural fluency. MA.8.NSO.1.4 — Express numbers in scientific notation to represent and approximate very large or very small quantities. Determine how many times larger or smaller one number is compared to a second number. MA.8.NSO.1.5 — Add, subtract, multiply and divide numbers expressed in scientific notation with procedural fluency. MA.8.NSO.1.6 — Solve real-world problems involving operations with numbers expressed in scientific notation. MA.8.NSO.1.7 — Solve multi-step mathematical and real-world problems involving the order of operations with rational numbers including exponents and radicals.
A54: 46371 | B54: Tue | D54: PM2-R2 | E54: PM2 review 2: equations, inequalities, Pythagorean, angles (whiteboards) | W54: 8.AR.2 · 8.GR.1 | X54: MA.8.AR.2 — every benchmark in this cluster (review day). MA.8.GR.1 — every benchmark in this cluster (review day).
A55: 46372 | B55: Wed (43 min) | D55: PM2-R3 | E55: PM2 review 3: proportional → linear preview; mixed FAST-shaped round | W55: 8.AR.3 · 8.AR.1.1 | X55: MA.8.AR.3 — every benchmark in this cluster (review day). MA.8.AR.1.1 — Apply the Laws of Exponents to generate equivalent algebraic expressions, limited to integer exponents and monomial bases.
A56: 46373 | B56: Thu | C56: 8 | D56: 8.01+02 | E56: Circle relationships; circumference | F56: not built yet | Q56: =HYPERLINK(Links!$M$56,"search") -> search | R56: Center, radius, and diameter of a circle — 7RY; Circumference of circles — 9FM | S56: 46374 | W56: 7.GR.1.3 | X56: MA.7.GR.1.3 — Explore the proportional relationship between circumferences and diameters of circles. Apply a formula for the circumference of a circle to solve mathematical and real-world problems. | AB56: 8.1 Exploring Relationships in Circles 8.2 Finding Circumference
A57: 46374 | B57: Fri | C57: 8 | D57: 8.03 | E57: Radius and diameter from circumference | F57: not built yet | Q57: =HYPERLINK(Links!$M$57,"search") -> search | R57: Find the radius or diameter of a circle given the circumference — 2CM | S57: 46393 | W57: 7.GR.1.3 | X57: MA.7.GR.1.3 — Explore the proportional relationship between circumferences and diameters of circles. Apply a formula for the circumference of a circle to solve mathematical and real-world problems. | AB57: 8.3 Finding Radius and Diameter
A58: 46393 | B58: Wed (43 min) | C58: 8 | D58: 8.04+05 | E58: Area of a circle | F58: not built yet | Q58: =HYPERLINK(Links!$M$58,"search") -> search | R58: Area of circles — YA8 | S58: 46394 | W58: 7.GR.1.4 | X58: MA.7.GR.1.4 — Explore and apply a formula to find the area of a circle to solve mathematical and real-world problems. | AB58: 8.4 Exploring the Area of a Circle 8.5 Finding the Area of a Circle
A59: 46394 | B59: Thu | C59: 8 | D59: 8.06 | E59: Circumference and area problems; sectors | F59: not built yet | Q59: =HYPERLINK(Links!$M$59,"search") -> search | R59: Circles: word problems — P56 | S59: 46395 | W59: 7.GR.1.4 | X59: MA.7.GR.1.4 — Explore and apply a formula to find the area of a circle to solve mathematical and real-world problems. | AB59: 8.6 Using Circumference and Area to Solve Problems
A60: 46395 | B60: Fri | C60: 8 | D60: 8.08+09 | E60: Sectors and circle graphs | F60: not built yet | Q60: =HYPERLINK(Links!$M$60,"search") -> search | R60: Use fractions to find the measure of an angle — V76; Circle graphs and central angles — KXS; Interpret circle graphs — WNJ | S60: 46398 | W60: 7.GR.1.4 · 7.DP.1.4 | X60: MA.7.GR.1.4 — Explore and apply a formula to find the area of a circle to solve mathematical and real-world problems. MA.7.DP.1.4 — Use proportional reasoning to construct, display and interpret data in circle graphs. | AB60: 8.8 Sectors of a Circle 8.9 Creating and Interpreting Circle Graphs
A61: 46398 | B61: Mon | C61: 9 | D61: 9.01+02 | E61: Surface area of cylinders from nets | F61: not built yet | Q61: =HYPERLINK(Links!$M$61,"search") -> search | R61: Nets of three-dimensional figures — 3R2; Surface area of cylinders — CYQ; Lateral area of cylinders — C8K | S61: 46399 | W61: 7.GR.2.1 · 7.GR.2.2 | X61: MA.7.GR.2.1 — Given a mathematical or real-world context, find the surface area of a right circular cylinder using the figure's net. MA.7.GR.2.2 — Solve real-world problems involving surface area of right circular cylinders. | AB61: 9.1 Finding Surface Area of Right Circular Cylinders Using Nets 9.2 Finding Surface Area of Right Circular Cylinders
A62: 46399 | B62: Tue | C62: 9 | D62: 9.03+04+05 | E62: Volume of cylinders; problems | F62: not built yet | Q62: =HYPERLINK(Links!$M$62,"search") -> search | R62: Volume of cylinders — FHC | S62: 46400 | W62: 7.GR.2.3 | X62: MA.7.GR.2.3 — Solve mathematical and real-world problems involving volume of right circular cylinders. | AB62: 9.3 Solving Problems Involving Surface Area of Right Circular Cylinders 9.4 Volume of Right Circular Cylinders 9.5 Problem-Solving with Volume of Cylinders
A63: 46400 | B63: Wed (43 min) | C63: 9 | D63: spiral | E63: Spiral day — mixed retrieval from the unit just finished and the two before it | F63: not built yet
A64: 46401 | B64: Thu | C64: 9 | D64: off | E64: State test — no class | F64: not built yet
A65: 46402 | B65: Fri | C65: 9 | D65: spiral | E65: Spiral day — mixed retrieval from the unit just finished and the two before it | F65: not built yet
A66: 46406 | B66: Tue | C66: 9 | D66: spiral | E66: Spiral day — mixed retrieval from the unit just finished and the two before it | F66: not built yet
A67: 46407 | B67: Wed (43 min) | C67: 9 | D67: spiral | E67: Spiral day — mixed retrieval from the unit just finished and the two before it | F67: not built yet
A68: 46408 | B68: Thu | C68: 9 | D68: 8/9.X1 | E68: Units 8–9 exam, day 1 | F68: not built yet
A69: 46409 | B69: Fri | C69: 9 | D69: 8/9.X2 | E69: Units 8–9 exam, day 2 | F69: not built yet
A70: 46412 | B70: Mon | C70: 10 | D70: 10.01 | E70: Proportional relationships revisited (linear ⇒ proportional?) | F70: not built yet | Q70: =HYPERLINK(Links!$M$70,"search") -> search | R70: Find the constant of proportionality from a table — ZCK; Identify proportional relationships by graphing — RXD; Identify proportional relationships — Z64; Write equations for proportional relationships from tables and graphs — VXM; Interpret graphs of proportional relationships — Q96 | S70: 46413 | W70: 8.AR.3.1 | X70: MA.8.AR.3.1 — Determine if a linear relationship is also a proportional relationship. | AB70: 10.1 Proportional Relationships
A71: 46413 | B71: Tue | C71: 10 | D71: 10.02+03 | E71: Slope from two points, graphs, tables | F71: not built yet | Q71: =HYPERLINK(Links!$M$71,"search") -> search | R71: Find the slope from two points — ZAC; Find the slope from a table — GSB; Find the slope from a graph — Q94 | S71: 46414 | W71: 8.AR.3.2 | X71: MA.8.AR.3.2 — Given a table, graph or written description of a linear relationship, determine the slope. | AB71: 10.2 Exploring Slope 10.3 Finding Slope Using Graphs and Tables
A72: 46414 | B72: Wed (43 min) | C72: 10 | D72: 10.04 | E72: Slope in context | F72: not built yet | Q72: =HYPERLINK(Links!$M$72,"search") -> search | R72: Rate of change of a linear function: graphs — ZPF; Rate of change of a linear function: tables — 8FE | S72: 46415 | W72: 8.AR.3.2 · 8.AR.3.5 | X72: MA.8.AR.3.2 — Given a table, graph or written description of a linear relationship, determine the slope. MA.8.AR.3.5 — Given a real-world context, determine and interpret the slope and y-intercept of a two-variable linear equation from a written description, a table, a graph or an equation in slope-intercept form. | AB72: 10.4 Slope in Real-World Contexts
A73: 46415 | B73: Thu | C73: 10 | D73: 10.05 | E73: Slope-intercept form; graph a line | F73: not built yet | Q73: =HYPERLINK(Links!$M$73,"search") -> search | R73: Slope-intercept form: find the slope and y-intercept — U55; Graph a line using slope — FSV; Graph a line from an equation in slope-intercept form — W5E; Write a linear equation from a slope and y-intercept — WHP; Compare linear functions: tables, graphs, and equations — N7D | S73: 46416 | W73: 8.AR.3.4 | X73: MA.8.AR.3.4 — Given a mathematical or real-world context, graph a two-variable linear equation from a written description, a table or an equation in slope-intercept form. | AB73: 10.5 Exploring Equations of Lines in Slope-Intercept Form
A74: 46416 | B74: Fri | C74: 10 | D74: 10.06 | E74: Graphing from tables and contexts | F74: not built yet | Q74: =HYPERLINK(Links!$M$74,"search") -> search | R74: Complete a table and graph a linear function — DC2; Complete a table and make a graph: word problems — T7R; Complete a table for a linear function — D9B; Graph a line from an equation in standard form — 7MZ | S74: 46419 | W74: 8.AR.3.4 | X74: MA.8.AR.3.4 — Given a mathematical or real-world context, graph a two-variable linear equation from a written description, a table or an equation in slope-intercept form. | AB74: 10.6 Graphing Lines from Tables and Real-World Contexts
A75: 46419 | B75: Mon | C75: 10 | D75: 10.07+08 | E75: Interpreting slope and intercept (graphs, equations, tables, descriptions; F↔C) | F75: not built yet | Q75: =HYPERLINK(Links!$M$75,"search") -> search | R75: Interpret the slope and y-intercept of a linear function — H5B; Interpret points on the graph of a linear function — 9E8 | S75: 46420 | W75: 8.AR.3.5 | X75: MA.8.AR.3.5 — Given a real-world context, determine and interpret the slope and y-intercept of a two-variable linear equation from a written description, a table, a graph or an equation in slope-intercept form. | AB75: 10.7 Interpreting Linear Relationships from Graphs and Equations 10.8 Interpreting Linear Relationships from Tables and Written Descriptions
A76: 46420 | B76: Tue | C76: 10 | D76: 10.09 | E76: Writing equations of lines | F76: not built yet | Q76: =HYPERLINK(Links!$M$76,"search") -> search | R76: Write a linear equation from a graph — WHM; Write a linear function from a table — UYY; Write a linear equation from a slope and a point — VKP; Write a linear equation from two points — 2R9 | S76: 46421 | W76: 8.AR.3.3 | X76: MA.8.AR.3.3 — Given a table, graph or written description of a linear relationship, write an equation in slope-intercept form. | AB76: 10.9 Writing Equations of Linear Relationships
A77: 46421 | B77: Wed (43 min) | C77: 10 | D77: 10.10 | E77: Writing equations for contexts; lines of fit preview | F77: not built yet | Q77: =HYPERLINK(Links!$M$77,"search") -> search | R77: Write linear functions: word problems — YK6 | S77: 46422 | W77: 8.AR.3.3 · 8.AR.3.5 | X77: MA.8.AR.3.3 — Given a table, graph or written description of a linear relationship, write an equation in slope-intercept form. MA.8.AR.3.5 — Given a real-world context, determine and interpret the slope and y-intercept of a two-variable linear equation from a written description, a table, a graph or an equation in slope-intercept form. | AB77: 10.10 Writing Equations for Real-World Contexts
A78: 46422 | B78: Thu | C78: 10 | D78: 10.X1 | E78: Unit 10 exam, day 1 | F78: not built yet
A79: 46423 | B79: Fri | C79: 10 | D79: 10.X2 | E79: Unit 10 exam, day 2 | F79: not built yet
A80: 46426 | B80: Mon | C80: 11 | D80: 11.01 | E80: Equations with like terms and the distributive property | F80: not built yet | Q80: =HYPERLINK(Links!$M$80,"search") -> search | R80: Solve equations involving like terms — Q2B; Solve equations using the distributive property — QWE; Solve two-step equations: word problems — 8CZ | S80: 46427 | W80: 8.AR.2.1 | X80: MA.8.AR.2.1 — Solve multi-step linear equations in one variable, with rational number coefficients. Include equations with variables on both sides. | AB80: 11.1 Solving Equations
A81: 46427 | B81: Tue | C81: 11 | D81: 11.02 | E81: Variables on both sides | F81: not built yet | Q81: =HYPERLINK(Links!$M$81,"search") -> search | R81: Solve equations with variables on both sides — ZYL | S81: 46428 | W81: 8.AR.2.1 | X81: MA.8.AR.2.1 — Solve multi-step linear equations in one variable, with rational number coefficients. Include equations with variables on both sides. | AB81: 11.2 Solving Equations with Variables on Both Sides
A82: 46428 | B82: Wed (43 min) | C82: 11 | D82: 11.03 | E82: One, none, infinitely many solutions | F82: not built yet | Q82: =HYPERLINK(Links!$M$82,"search") -> search | R82: Find the number of solutions — XDE; Create equations with no solutions or infinitely many solutions — 7TY | S82: 46429 | W82: 8.AR.2.1 | X82: MA.8.AR.2.1 — Solve multi-step linear equations in one variable, with rational number coefficients. Include equations with variables on both sides. | AB82: 11.3 Solutions to Linear Equations
A83: 46429 | B83: Thu | C83: 11 | D83: 11.04 | E83: Multi-step equations | F83: not built yet | Q83: =HYPERLINK(Links!$M$83,"search") -> search | R83: Solve multi-step equations — 55K; Solve multi-step equations: complete the solution — PGH; Solve equations: mixed review — HZZ | S83: 46430 | W83: 8.AR.2.1 | X83: MA.8.AR.2.1 — Solve multi-step linear equations in one variable, with rational number coefficients. Include equations with variables on both sides. | AB83: 11.4 Solving Multi-Step Equations
A84: 46430 | B84: Fri | C84: 11 | D84: 11.05+06 | E84: Systems: which points are solutions; how many solutions | F84: not built yet | Q84: =HYPERLINK(Links!$M$84,"search") -> search | R84: Is (x, y) a solution to the system of equations? — N46; Find the number of solutions to a system of equations by graphing — AGZ; Solve a system of equations in slope-intercept form — 9Z8 | S84: 46434 | W84: 8.AR.4.1 · 8.AR.4.2 | X84: MA.8.AR.4.1 — Given a system of two linear equations and a specified set of possible solutions, determine which ordered pairs satisfy the system of linear equations. MA.8.AR.4.2 — Given a system of two linear equations represented graphically on the same coordinate plane, determine whether there is one solution, no solution or infinitely many solutions. | AB84: 11.5 Introduction to Systems of Two Linear Equations 11.6 Solutions to Systems of Equations
A85: 46434 | B85: Tue | C85: 11 | D85: 11.07 | E85: Solving systems by graphing | F85: not built yet | Q85: =HYPERLINK(Links!$M$85,"search") -> search | R85: Solve a system of equations by graphing — C8X; Write a system of equations given a graph — TS7 | S85: 46435 | W85: 8.AR.4.3 | X85: MA.8.AR.4.3 — Given a mathematical or real-world context, solve systems of two linear equations by graphing. | AB85: 11.7 Solving Systems by Graphing
A86: 46435 | B86: Wed (43 min) | C86: 11 | D86: 11.08 | E86: Systems in context (approximate solutions) | F86: not built yet | Q86: =HYPERLINK(Links!$M$86,"search") -> search | R86: Solve a system of equations by graphing: word problems — W9J | S86: 46436 | W86: 8.AR.4.3 | X86: MA.8.AR.4.3 — Given a mathematical or real-world context, solve systems of two linear equations by graphing. | AB86: 11.8 Solving Systems of Equations by Graphing for Real-World Contexts
A87: 46436 | B87: Thu | C87: 11 | D87: 11.X1 | E87: Unit 11 exam, day 1 | F87: not built yet
A88: 46437 | B88: Fri | C88: 11 | D88: 11.X2 | E88: Unit 11 exam, day 2 | F88: not built yet
A89: 46440 | B89: Mon | C89: 11 | D89: flex | E89: Flex day — reteach from exam evidence, or absorb a lost day | F89: not built yet
A90: 46441 | B90: Tue | C90: 12 | D90: 12.01+02 | E90: Relations; domain and range | F90: not built yet | Q90: =HYPERLINK(Links!$M$90,"search") -> search | R90: Relations: convert between mappings, tables, graphs, and ordered pairs — LQJ; Domain and range of relations — T7P | S90: 46442 | W90: 8.F.1.1 | X90: MA.8.F.1.1 — Given a set of ordered pairs, a table, a graph or mapping diagram, determine whether the relationship is a function. Identify the domain and range of the relation. | AB90: 12.1 Exploring Relations 12.2 Identifying Domain and Range
A91: 46442 | B91: Wed (43 min) | C91: 12 | D91: 12.03 | E91: Is it a function? | F91: not built yet | Q91: =HYPERLINK(Links!$M$91,"search") -> search | R91: Identify functions — JT2; Identify functions: graphs — AEB; Identify independent and dependent variables — FSF | S91: 46443 | W91: 8.F.1.1 | X91: MA.8.F.1.1 — Given a set of ordered pairs, a table, a graph or mapping diagram, determine whether the relationship is a function. Identify the domain and range of the relation. | AB91: 12.3 Is It a Function?
A92: 46443 | B92: Thu | C92: 12 | D92: 12.04+05 | E92: Describing graphs: increasing, decreasing, constant | F92: not built yet | Q92: =HYPERLINK(Links!$M$92,"search") -> search | R92: Identify graphs: word problems — HWC | S92: 46448 | W92: 8.F.1.3 | X92: MA.8.F.1.3 — Analyze a real-world written description or graphical representation of a functional relationship between two quantities and identify where the function is increasing, decreasing or constant. | AB92: 12.4 Interpreting Graphs of Functions 12.5 Sketching Graphs of Functions
A93: 46444 | B93: Fri | C93: 12 | D93: 12.06 | E93: Sketching graphs from descriptions | F93: not built yet | Q93: =HYPERLINK(Links!$M$93,"search") -> search | R93: Identify graphs: word problems — HWC | S93: 46448 | W93: 8.F.1.3 | X93: MA.8.F.1.3 — Analyze a real-world written description or graphical representation of a functional relationship between two quantities and identify where the function is increasing, decreasing or constant. | AB93: 12.6 Analyzing Descriptions and Graphs
A94: 46447 | B94: Mon | C94: 12 | D94: off | E94: State test — no class | F94: not built yet
A95: 46448 | B95: Tue | C95: 12 | D95: 12.07 | E95: Functions from equations, tables, graphs | F95: not built yet | Q95: =HYPERLINK(Links!$M$95,"search") -> search | R95: Complete a function table from an equation — ESE; Complete a table for a function graph — 7EK; Find values using function graphs — 7N2 | S95: 46449 | W95: 8.F.1.2 | X95: MA.8.F.1.2 — Given a function defined by a graph or an equation, determine whether the function is a linear function. Given an input-output table, determine whether it could represent a linear function. | AB95: 12.7 Exploring Functions Using Equations, Tables, and Graphs
A96: 46449 | B96: Wed (43 min) | C96: 12 | D96: 12.08+09 | E96: Is it linear? (graphs, equations, tables) | F96: not built yet | Q96: =HYPERLINK(Links!$M$96,"search") -> search | R96: Identify linear and nonlinear functions: graphs and equations — XB8; Identify linear and nonlinear functions: tables — VGS | S96: 46450 | W96: 8.F.1.2 · 8.AR.3.1 | X96: MA.8.F.1.2 — Given a function defined by a graph or an equation, determine whether the function is a linear function. Given an input-output table, determine whether it could represent a linear function. MA.8.AR.3.1 — Determine if a linear relationship is also a proportional relationship. | AB96: 12.8 Is it Linear? 12.9 Using Tables to Determine if a Function is Linear
A97: 46450 | B97: Thu | C97: 12 | D97: spiral | E97: Spiral day — mixed retrieval from the unit just finished and the two before it | F97: not built yet
A98: 46454 | B98: Mon | C98: 12 | D98: 12.X1 | E98: Unit 12 exam, day 1 | F98: not built yet
A99: 46455 | B99: Tue | C99: 12 | D99: 12.X2 | E99: Unit 12 exam, day 2 | F99: not built yet
A100: 46456 | B100: Wed (43 min) | C100: 12 | D100: flex | E100: Flex day — reteach from exam evidence, or absorb a lost day | F100: not built yet
...

Sheet IXL tracker
A1: IXL assignments, 2026–27
A2: Every skill listed is required, to a SmartScore of 67. Fill in the two yellow columns: type ✓ in 'Set up in IXL' once the assignment exists in IXL, and ✓ in 'Scores checked' after you have looked at the scores (for example, row 1 done: ✓ and ✓, Status reads 'done'). Status works itself out from today's date.
A4: # | B4: Assigned | C4: Lesson(s) | D4: Skills — all required | E4: Codes to type into IXL | F4: SmartScore | G4: Due | H4: Set up in IXL | I4: Scores checked | J4: Status | K4: Notes
A5: 1 | B5: 46288 | C5: 3.01 Product laws of exponents | D5: Evaluate powers (SZQ); Multiplication with exponents (5SK); Power rule (8DA); Understanding exponents (BFA) | E5: SZQ, 5SK, 8DA, BFA | F5: 67 | G5: 46289 | J5: =IF(I5="✓","done",IF(TODAY()<B5,"upcoming",IF(TODAY()<G5,"open","due — check scores"))) -> due — check scores
A6: 2 | B6: 46289 | C6: 3.02 Quotient laws of exponents | D6: Powers with negative bases (WFW); Division with exponents (XNC); Identify equivalent expressions involving whole-number exponents (KBE) | E6: WFW, XNC, KBE | F6: 67 | G6: 46290 | J6: =IF(I6="✓","done",IF(TODAY()<B6,"upcoming",IF(TODAY()<G6,"open","due — check scores"))) -> due — check scores
A7: 3 | B7: 46290 | C7: 3.03 Exponential expressions | D7: Evaluate expressions using properties of exponents (ZE9) | E7: ZE9 | F7: 67 | G7: 46293 | J7: =IF(I7="✓","done",IF(TODAY()<B7,"upcoming",IF(TODAY()<G7,"open","due — check scores"))) -> due — check scores
A8: 4 | B8: 46293 | C8: 3.04 Negative exponent law | D8: Understanding negative exponents (YBB); Evaluate powers with negative exponents (WGS) | E8: YBB, WGS | F8: 67 | G8: 46294 | J8: =IF(I8="✓","done",IF(TODAY()<B8,"upcoming",IF(TODAY()<G8,"open","due — check scores"))) -> due — check scores
A9: 5 | B9: 46294 | C9: 3.05 Applying exponent laws | D9: Identify equivalent expressions involving exponents I (VLM) | E9: VLM | F9: 67 | G9: 46295 | J9: =IF(I9="✓","done",IF(TODAY()<B9,"upcoming",IF(TODAY()<G9,"open","due — check scores"))) -> due — check scores
A10: 6 | B10: 46295 | C10: 3.06+07 Evaluating and equivalent expressions with integer exponents | D10: Evaluate expressions using properties of exponents (6T7); Identify equivalent expressions involving exponents II (QDM) | E10: 6T7, QDM | F10: 67 | G10: 46296 | J10: =IF(I10="✓","done",IF(TODAY()<B10,"upcoming",IF(TODAY()<G10,"open","due — check scores"))) -> due — check scores
A11: 7 | B11: 46300 | C11: T-A1 Thread A: the same laws with variable bases (14.1–14.2) | D11: Multiply powers: variable bases (TR9); Powers of a power: variable bases (2CU); Divide monomials with positive exponents (C8L) | E11: TR9, 2CU, C8L | F11: 67 | G11: 46301 | J11: =IF(I11="✓","done",IF(TODAY()<B11,"upcoming",IF(TODAY()<G11,"open","due — check scores"))) -> due — check scores
A12: 8 | B12: 46301 | C12: T-A2 Thread A: negative exponents and multiple laws, variable bases (14.3–14.4) | D12: Variables with negative exponents (2NL); Multiply and divide powers: variable bases (85P) | E12: 2NL, 85P | F12: 67 | G12: 46302 | J12: =IF(I12="✓","done",IF(TODAY()<B12,"upcoming",IF(TODAY()<G12,"open","due — check scores"))) -> due — check scores
A13: 9 | B13: 46302 | C13: 3.08 Large numbers in scientific notation | D13: Convert between standard and scientific notation: large numbers (2AL); Compare large numbers (WEZ); Powers of ten (LJQ) | E13: 2AL, WEZ, LJQ | F13: 67 | G13: 46304 | J13: =IF(I13="✓","done",IF(TODAY()<B13,"upcoming",IF(TODAY()<G13,"open","due — check scores"))) -> due — check scores
A14: 10 | B14: 46304 | C14: 3.09 Small numbers in scientific notation; how many times larger | D14: Convert between standard and scientific notation: small numbers (85M); Compare small numbers (KDR); Powers of ten with negative exponents (SKD) | E14: 85M, KDR, SKD | F14: 67 | G14: 46308 | J14: =IF(I14="✓","done",IF(TODAY()<B14,"upcoming",IF(TODAY()<G14,"open","due — check scores"))) -> due — check scores
A15: 11 | B15: 46311 | C15: 4.01 Add and subtract in scientific notation | D15: Add and subtract numbers written in scientific notation (HUR) | E15: HUR | F15: 67 | G15: 46314 | J15: =IF(I15="✓","done",IF(TODAY()<B15,"upcoming",IF(TODAY()<G15,"open","due — check scores"))) -> open
A16: 12 | B16: 46314 | C16: 4.02+03 Multiply and divide in scientific notation | D16: Multiply numbers written in scientific notation (YZU); Divide numbers written in scientific notation (SGT) | E16: YZU, SGT | F16: 67 | G16: 46315 | J16: =IF(I16="✓","done",IF(TODAY()<B16,"upcoming",IF(TODAY()<G16,"open","due — check scores"))) -> upcoming
... A86: 82 | B86: 46504 | C86: 17.04–06 Predictions from theoretical probability | D86: Make predictions (38C); Write a discrete probability distribution (ELU) | E86: 38C, ELU | F86: 67 | G86: 46505 | J86: =IF(I86="✓","done",IF(TODAY()<B86,"upcoming",IF(TODAY()<G86,"open","due — check scores"))) -> upcoming

Sheet Standards
A1: Benchmark | B1: Grade | C1: Wording | D1: Clarifications and limits | E1: Unit(s) | F1: Taught on | G1: First day | H1: Last day | I1: Reviewed on | J1: Unit test points | K1: IXL skill codes
A2: MA.7.AR.2.2 | B2: 7 | C2: Write and solve two-step equations in one variable within a mathematical or real-world context, where all terms are rational numbers. | D2: Boundary — forms only: px ± q = r and p(x ± q) = r. Variable on either side. → prerequisite for MA.8.AR.2.1 (multi-step, variables both sides). | E2: 1 | F2: Unit 1 (before 23 Sep) | J2: =IF(SUMIF('Unit tests'!$E:$E,A2,'Unit tests'!$C:$C)=0,"",SUMIF('Unit tests'!$E:$E,A2,'Unit tests'!$C:$C))
A3: MA.7.NSO.1.2 | B3: 7 | C3: Rewrite rational numbers in different but equivalent forms including fractions, mixed numbers, repeating decimals and percentages to solve mathematical and real-world problems. | D3: State example: Is 17/3 = 5.6666666667 accurate? This is the benchmark the TI-30XA rounding rule attaches to (Part 8). | E3: 1 | F3: Unit 1 (before 23 Sep) | J3: =IF(SUMIF('Unit tests'!$E:$E,A3,'Unit tests'!$C:$C)=0,"",SUMIF('Unit tests'!$E:$E,A3,'Unit tests'!$C:$C))
A4: MA.8.AR.2.2 | B4: 8 | C4: Solve two-step linear inequalities in one variable and represent solutions algebraically and graphically. | D4: Boundary — forms only: px ± q > r and p(x ± q) > r, p/q/r specific rational numbers, any inequality symbol. Variable may be on either side. | E4: 1 | F4: Unit 1 (before 23 Sep) | I4: PM2-R2 (15 Dec) | J4: =IF(SUMIF('Unit tests'!$E:$E,A4,'Unit tests'!$C:$C)=0,"",SUMIF('Unit tests'!$E:$E,A4,'Unit tests'!$C:$C))
A5: MA.8.AR.2.3 | B5: 8 | C5: Given an equation in the form of x² = p and x³ = q, where p is a whole number and q is an integer, determine the real solutions. | D5: Clarification: focus on understanding that solving x² = p gives both a positive and a negative solution. Boundary: square roots of perfect squares up to 225; cube roots of perfect cubes from −125 to 125. Boundary (B1G-M): students are not required to isolate the x² or x³ term. | E5: 2 | F5: Unit 2 (before 23 Sep) | I5: PM2-R2 (15 Dec) | J5: =IF(SUMIF('Unit tests'!$E:$E,A5,'Unit tests'!$C:$C)=0,"",SUMIF('Unit tests'!$E:$E,A5,'Unit tests'!$C:$C))
A6: MA.8.NSO.1.1 | B6: 8 | C6: Extend previous understanding of rational numbers to define irrational numbers within the real number system. Locate an approximate value of a numerical expression involving irrational numbers on a number line. | D6: Clarification 1: instruction includes the use of number line and rational number approximations, and recognizing pi (π) as an irrational number. Boundary: approximate numerical expressions involving one arithmetic operation, estimating square roots or π. | E6: 2 | F6: Unit 2 (before 23 Sep) | I6: PM2-R1 (14 Dec) | J6: =IF(SUMIF('Unit tests'!$E:$E,A6,'Unit tests'!$C:$C)=0,"",SUMIF('Unit tests'!$E:$E,A6,'Unit tests'!$C:$C))
A7: MA.8.NSO.1.2 | B7: 8 | C7: Plot, order and compare rational and irrational numbers, represented in various forms. | D7: Boundary: not the expectation to work with the number e. Boundary: the expectation is to plot, order and compare square roots and cube roots. Clarification: the expectation is to use symbols (<, > or =). | E7: 2 | F7: Unit 2 (before 23 Sep) | I7: PM2-R1 (14 Dec) | J7: =IF(SUMIF('Unit tests'!$E:$E,A7,'Unit tests'!$C:$C)=0,"",SUMIF('Unit tests'!$E:$E,A7,'Unit tests'!$C:$C))
A8: MA.7.NSO.1.1 | B8: 7 | C8: Know and apply the Laws of Exponents to evaluate numerical expressions and generate equivalent numerical expressions, limited to whole-number exponents and rational number bases. | D8: Boundary: aⁿ ÷ aᵐ = aᵖ must result in a whole-number p. → superseded within the course by MA.8.NSO.1.3. | E8: 3 | F8: 3.01 (Wed 23 Sep); 3.02 (Thu 24 Sep); 3.03 (Fri 25 Sep) | G8: 46288 | H8: 46290 | J8: =IF(SUMIF('Unit tests'!$E:$E,A8,'Unit tests'!$C:$C)=0,"",SUMIF('Unit tests'!$E:$E,A8,'Unit tests'!$C:$C)) -> 9 | K8: SZQ, 5SK, 8DA, BFA, WFW, XNC, KBE, ZE9
A9: MA.8.NSO.1.3 | B9: 8 | C9: Extend previous understanding of the Laws of Exponents to include integer exponents. Apply the Laws of Exponents to evaluate numerical expressions and generate equivalent numerical expressions, limited to integer exponents and rational number bases, with procedural fluency. | D9: Clarification: refer to the K-12 Formulas (Appendix E) for the Laws of Exponents. Boundary (B1G-M): includes negative integer exponents; does not include fractional exponents. Vertical: Gr 7 was whole-number exponents with whole-number results → Gr 8 adds integer exponents. | E9: 3 | F9: 3.01 (Wed 23 Sep); 3.02 (Thu 24 Sep); 3.03 (Fri 25 Sep); 3.04 (Mon 28 Sep); 3.05 (Tue 29 Sep); 3.06+07 (Wed 30 Sep) | G9: 46288 | H9: 46295 | I9: PM2-R1 (14 Dec) | J9: =IF(SUMIF('Unit tests'!$E:$E,A9,'Unit tests'!$C:$C)=0,"",SUMIF('Unit tests'!$E:$E,A9,'Unit tests'!$C:$C)) -> 9 | K9: SZQ, 5SK, 8DA, BFA, WFW, XNC, KBE, ZE9, YBB, WGS, VLM, 6T7, QDM
A10: MA.8.AR.1.1 | B10: 8 | C10: Apply the Laws of Exponents to generate equivalent algebraic expressions, limited to integer exponents and monomial bases. | D10: Clarification: refer to the K-12 Formulas (Appendix E). B1G-M definition to use: "a base may be a product of a coefficient and one or more variables with integer exponents." | E10: 3, 14 | F10: T-A1 (Mon 5 Oct); T-A2 (Tue 6 Oct); 14.01–04 (Wed 31 Mar) | G10: 46300 | H10: 46477 | I10: PM2-R3 (16 Dec) | J10: =IF(SUMIF('Unit tests'!$E:$E,A10,'Unit tests'!$C:$C)=0,"",SUMIF('Unit tests'!$E:$E,A10,'Unit tests'!$C:$C)) -> 8 | K10: TR9, 2CU, C8L, 2NL, 85P
A11: MA.8.NSO.1.4 | B11: 8 | C11: Express numbers in scientific notation to represent and approximate very large or very small quantities. Determine how many times larger or smaller one number is compared to a second number. | E11: 3 | F11: 3.08 (Wed 7 Oct); 3.09 (Fri 9 Oct) | G11: 46302 | H11: 46304 | I11: PM2-R1 (14 Dec) | J11: =IF(SUMIF('Unit tests'!$E:$E,A11,'Unit tests'!$C:$C)=0,"",SUMIF('Unit tests'!$E:$E,A11,'Unit tests'!$C:$C)) -> 10 | K11: 2AL, WEZ, LJQ, 85M, KDR, SKD
A12: MA.8.NSO.1.5 | B12: 8 | C12: Add, subtract, multiply and divide numbers expressed in scientific notation with procedural fluency. | D12: Boundary: for addition and subtraction, exponents are limited to within 2 of each other. | E12: 4 | F12: 4.01 (Fri 16 Oct); 4.02+03 (Mon 19 Oct) | G12: 46311 | H12: 46314 | I12: PM2-R1 (14 Dec) | J12: =IF(SUMIF('Unit tests'!$E:$E,A12,'Unit tests'!$C:$C)=0,"",SUMIF('Unit tests'!$E:$E,A12,'Unit tests'!$C:$C)) -> 12 | K12: HUR, YZU, SGT
A13: MA.8.NSO.1.6 | B13: 8 | C13: Solve real-world problems involving operations with numbers expressed in scientific notation. | D13: Clarification: includes recognizing the importance of significant digits when physical measurements are involved. Boundary: same within-2 exponent limit on addition and subtraction. | E13: 4 | F13: 4.04 (Tue 20 Oct) | G13: 46315 | H13: 46315 | I13: PM2-R1 (14 Dec) | J13: =IF(SUMIF('Unit tests'!$E:$E,A13,'Unit tests'!$C:$C)=0,"",SUMIF('Unit tests'!$E:$E,A13,'Unit tests'!$C:$C)) -> 9 | K13: D5S
A14: MA.8.NSO.1.7 | B14: 8 | C14: Solve multi-step mathematical and real-world problems involving the order of operations with rational numbers including exponents and radicals. | D14: Boundary: 6 or fewer steps. Boundary: simplify radicals by factoring square roots of perfect squares up to 225 and cube roots of perfect cubes from −125 to 125. | E14: 4 | F14: 4.05 (Wed 21 Oct); 4.06 (Thu 22 Oct); 4.07+08 (Fri 23 Oct) | G14: 46316 | H14: 46318 | I14: PM2-R1 (14 Dec) | J14: =IF(SUMIF('Unit tests'!$E:$E,A14,'Unit tests'!$C:$C)=0,"",SUMIF('Unit tests'!$E:$E,A14,'Unit tests'!$C:$C)) -> 13 | K14: D8J, DPG
A15: MA.7.GR.1.5 | B15: 7 | C15: Solve mathematical and real-world problems involving dimensions and areas of geometric figures, including scale drawings and scale factors. | D15: Clarification: if the scale factor is k, area scales by k². → this is the direct feeder to MA.8.GR.2.2 (dilation scale factor). | E15: 5 | F15: 5.01 (Wed 28 Oct); 5.02+03 (Thu 29 Oct); 5.04 (Fri 30 Oct) | G15: 46323 | H15: 46325 | J15: =IF(SUMIF('Unit tests'!$E:$E,A15,'Unit tests'!$C:$C)=0,"",SUMIF('Unit tests'!$E:$E,A15,'Unit tests'!$C:$C)) | K15: WEA, ZC6, XHM, 84H, KCM
A16: MA.7.AR.3.3 | B16: 7 | C16: Solve mathematical and real-world problems involving the conversion of units across different measurement systems. | D16: Boundary: length, area, weight, mass, volume, money. Conversion ratios are on the reference sheet. | E16: 5 | F16: 5.06+07 (Mon 2 Nov); 5.08+09 (Tue 3 Nov); 5.10+11 (Wed 4 Nov) | G16: 46328 | H16: 46330 | J16: =IF(SUMIF('Unit tests'!$E:$E,A16,'Unit tests'!$C:$C)=0,"",SUMIF('Unit tests'!$E:$E,A16,'Unit tests'!$C:$C)) | K16: E8Z, 4B8, HW2, VVS, UCT
A17: MA.7.AR.4.5 | B17: 7 | C17: Solve real-world problems involving proportional relationships. | E17: 5, 7 | F17: 5.10+11 (Wed 4 Nov); 7.07 (Wed 9 Dec) | G17: 46330 | H17: 46365 | J17: =IF(SUMIF('Unit tests'!$E:$E,A17,'Unit tests'!$C:$C)=0,"",SUMIF('Unit tests'!$E:$E,A17,'Unit tests'!$C:$C)) | K17: VVS, UCT, 5A9
A18: MA.8.GR.1.3 | B18: 8 | C18: Use the Triangle Inequality Theorem to determine if a triangle can be formed from a given set of sides. Use the converse of the Pythagorean Theorem to determine if a right triangle can be formed from a given set of sides. | E18: 6 | F18: 6.01+02 (Mon 9 Nov) | G18: 46335 | H18: 46335 | I18: PM2-R2 (15 Dec) | J18: =IF(SUMIF('Unit tests'!$E:$E,A18,'Unit tests'!$C:$C)=0,"",SUMIF('Unit tests'!$E:$E,A18,'Unit tests'!$C:$C)) | K18: 2N5, EQZ
A19: MA.8.GR.1.1 | B19: 8 | C19: Apply the Pythagorean Theorem to solve mathematical and real-world problems involving unknown side lengths in right triangles. | D19: Clarification: explore right triangles with natural-number side lengths to illustrate the theorem. ⚠ The expectation is to MEMORIZE the Pythagorean Theorem. It is not on the reference sheet. Boundary: radicands limited to whole numbers up to 225. | E19: 6 | F19: 6.03 (Tue 10 Nov); 6.04 (Thu 12 Nov) | G19: 46336 | H19: 46338 | I19: PM2-R2 (15 Dec) | J19: =IF(SUMIF('Unit tests'!$E:$E,A19,'Unit tests'!$C:$C)=0,"",SUMIF('Unit tests'!$E:$E,A19,'Unit tests'!$C:$C)) | K19: MTM, 87U
A20: MA.8.GR.1.2 | B20: 8 | C20: Apply the Pythagorean Theorem to solve mathematical and real-world problems involving the distance between two points in a coordinate plane. | D20: ⚠ Memorize the theorem. It is NOT the expectation to use the distance formula. Clarification: connect coordinate distance to right triangles. Boundary: radicands ≤ 225. | E20: 6 | F20: 6.05 (Fri 13 Nov); 6.06 (Mon 16 Nov) | G20: 46339 | H20: 46342 | I20: PM2-R2 (15 Dec) | J20: =IF(SUMIF('Unit tests'!$E:$E,A20,'Unit tests'!$C:$C)=0,"",SUMIF('Unit tests'!$E:$E,A20,'Unit tests'!$C:$C)) | K20: L9V, ZBP, VGE
A21: MA.8.GR.1.4 | B21: 8 | C21: Solve mathematical problems involving the relationships between supplementary, complementary, vertical or adjacent angles. | E21: 6, 16 | F21: T-B1 (Tue 17 Nov); 16.01+02 (Tue 20 Apr) | G21: 46343 | H21: 46497 | I21: PM2-R2 (15 Dec) | J21: =IF(SUMIF('Unit tests'!$E:$E,A21,'Unit tests'!$C:$C)=0,"",SUMIF('Unit tests'!$E:$E,A21,'Unit tests'!$C:$C)) | K21: HGV, R2B, DBV, JFJ, FMP, 6Q6
A22: MA.8.GR.1.5 | B22: 8 | C22: Solve problems involving the relationships of interior and exterior angles of a triangle. | D22: Clarification: includes the Triangle Sum Theorem and representing angle measures as algebraic expressions. | E22: 6, 16 | F22: T-B2 (Wed 18 Nov); 16.01+02 (Tue 20 Apr) | G22: 46344 | H22: 46497 | I22: PM2-R2 (15 Dec) | J22: =IF(SUMIF('Unit tests'!$E:$E,A22,'Unit tests'!$C:$C)=0,"",SUMIF('Unit tests'!$E:$E,A22,'Unit tests'!$C:$C)) | K22: JFJ, FMP, 6Q6, HGV, R2B, DBV
A23: MA.8.GR.2.4 | B23: 8 | C23: Solve mathematical and real-world problems involving proportional relationships between similar triangles. | E23: 6 | F23: 6.07+08 (Thu 19 Nov) | G23: 46345 | H23: 46345 | J23: =IF(SUMIF('Unit tests'!$E:$E,A23,'Unit tests'!$C:$C)=0,"",SUMIF('Unit tests'!$E:$E,A23,'Unit tests'!$C:$C)) | K23: QSK, 88W, 6PD
A24: MA.7.AR.4.3 | B24: 7 | C24: Given a mathematical or real-world context, graph proportional relationships from a table, equation or a written description. | D24: Clarification: equations in the form y = px. | E24: 7 | F24: 7.01 (Thu 3 Dec) | G24: 46359 | H24: 46359 | J24: =IF(SUMIF('Unit tests'!$E:$E,A24,'Unit tests'!$C:$C)=0,"",SUMIF('Unit tests'!$E:$E,A24,'Unit tests'!$C:$C)) | K24: FJW
A25: MA.7.AR.4.2 | B25: 7 | C25: Determine the constant of proportionality within a mathematical or real-world context given a table, graph or written description of a proportional relationship. | E25: 7 | F25: 7.02+03 (Fri 4 Dec) | G25: 46360 | H25: 46360 | J25: =IF(SUMIF('Unit tests'!$E:$E,A25,'Unit tests'!$C:$C)=0,"",SUMIF('Unit tests'!$E:$E,A25,'Unit tests'!$C:$C)) | K25: RMH, LKZ, ZUT
A26: MA.7.AR.4.1 | B26: 7 | C26: Determine whether two quantities have a proportional relationship by examining a table, graph or written description. | E26: 7 | F26: 7.04 (Mon 7 Dec) | G26: 46363 | H26: 46363 | J26: =IF(SUMIF('Unit tests'!$E:$E,A26,'Unit tests'!$C:$C)=0,"",SUMIF('Unit tests'!$E:$E,A26,'Unit tests'!$C:$C)) | K26: AAN, VZK
A27: MA.8.AR.3.1 | B27: 8 | C27: Determine if a linear relationship is also a proportional relationship. | D27: Clarification: proportional relationships are linear relationships whose graph passes through the origin. Clarification: includes tables, graphs, equations and written descriptions. Assessment note: this benchmark has no blueprint row of its own — see Part 2. | E27: 7, 10, 12 | F27: 7.04 (Mon 7 Dec); 10.01 (Mon 25 Jan); 12.08+09 (Wed 3 Mar) | G27: 46363 | H27: 46449 | I27: PM2-R3 (16 Dec) | J27: =IF(SUMIF('Unit tests'!$E:$E,A27,'Unit tests'!$C:$C)=0,"",SUMIF('Unit tests'!$E:$E,A27,'Unit tests'!$C:$C)) | K27: AAN, VZK, ZCK, RXD, Z64, VXM, Q96, XB8, VGS
A28: MA.7.AR.4.4 | B28: 7 | C28: Given any representation of a proportional relationship, translate the representation to a written description, table or equation. | D28: Boundary: written description, graph, table, equation. | E28: 7 | F28: 7.05+06 (Tue 8 Dec) | G28: 46364 | H28: 46364 | J28: =IF(SUMIF('Unit tests'!$E:$E,A28,'Unit tests'!$C:$C)=0,"",SUMIF('Unit tests'!$E:$E,A28,'Unit tests'!$C:$C)) | K28: 6GU, JKH, VKK
A29: MA.7.GR.1.3 | B29: 7 | C29: Explore the proportional relationship between circumferences and diameters of circles. Apply a formula for the circumference of a circle to solve mathematical and real-world problems. | D29: Solutions in terms of π or approximate. | E29: 8 | F29: 8.01+02 (Thu 17 Dec); 8.03 (Fri 18 Dec) | G29: 46373 | H29: 46374 | J29: =IF(SUMIF('Unit tests'!$E:$E,A29,'Unit tests'!$C:$C)=0,"",SUMIF('Unit tests'!$E:$E,A29,'Unit tests'!$C:$C)) | K29: 7RY, 9FM, 2CM
A30: MA.7.GR.1.4 | B30: 7 | C30: Explore and apply a formula to find the area of a circle to solve mathematical and real-world problems. | D30: Clarification: includes fractional parts of a circle. | E30: 8 | F30: 8.04+05 (Wed 6 Jan); 8.06 (Thu 7 Jan); 8.08+09 (Fri 8 Jan) | G30: 46393 | H30: 46395 | J30: =IF(SUMIF('Unit tests'!$E:$E,A30,'Unit tests'!$C:$C)=0,"",SUMIF('Unit tests'!$E:$E,A30,'Unit tests'!$C:$C)) | K30: YA8, P56, V76, KXS, WNJ
A31: MA.7.DP.1.4 | B31: 7 | C31: Use proportional reasoning to construct, display and interpret data in circle graphs. | D31: Boundary: 6 or fewer categories. | E31: 8 | F31: 8.08+09 (Fri 8 Jan) | G31: 46395 | H31: 46395 | J31: =IF(SUMIF('Unit tests'!$E:$E,A31,'Unit tests'!$C:$C)=0,"",SUMIF('Unit tests'!$E:$E,A31,'Unit tests'!$C:$C)) | K31: V76, KXS, WNJ
A32: MA.7.GR.2.1 | B32: 7 | C32: Given a mathematical or real-world context, find the surface area of a right circular cylinder using the figure's net. | D32: Boundary: must go through the net; no formula memorization. | E32: 9 | F32: 9.01+02 (Mon 11 Jan) | G32: 46398 | H32: 46398 | J32: =IF(SUMIF('Unit tests'!$E:$E,A32,'Unit tests'!$C:$C)=0,"",SUMIF('Unit tests'!$E:$E,A32,'Unit tests'!$C:$C)) | K32: 3R2, CYQ, C8K
A33: MA.7.GR.2.2 | B33: 7 | C33: Solve real-world problems involving surface area of right circular cylinders. | D33: Boundary: does not include finding a missing radius. | E33: 9 | F33: 9.01+02 (Mon 11 Jan) | G33: 46398 | H33: 46398 | J33: =IF(SUMIF('Unit tests'!$E:$E,A33,'Unit tests'!$C:$C)=0,"",SUMIF('Unit tests'!$E:$E,A33,'Unit tests'!$C:$C)) | K33: 3R2, CYQ, C8K
A34: MA.7.GR.2.3 | B34: 7 | C34: Solve mathematical and real-world problems involving volume of right circular cylinders. | D34: Boundary: does not include finding a missing radius. ⚠ The cylinder volume formula is on the GRADE 7 reference sheet only. It is not on the grade 8 sheet these students will be handed. See Part 3. | E34: 9 | F34: 9.03+04+05 (Tue 12 Jan) | G34: 46399 | H34: 46399 | J34: =IF(SUMIF('Unit tests'!$E:$E,A34,'Unit tests'!$C:$C)=0,"",SUMIF('Unit tests'!$E:$E,A34,'Unit tests'!$C:$C)) | K34: FHC
A35: MA.8.AR.3.2 | B35: 8 | C35: Given a table, graph or written description of a linear relationship, determine the slope. | D35: Clarification: includes cases where two points are given. Clarification: connects slope to the constant of proportionality and to similar triangles on the coordinate plane. B1G-M: "slope, which represents a constant rate of change, … is not the same as a constant of proportionality unless the relationship goes through the origin." | E35: 10 | F35: 10.02+03 (Tue 26 Jan); 10.04 (Wed 27 Jan) | G35: 46413 | H35: 46414 | I35: PM2-R3 (16 Dec) | J35: =IF(SUMIF('Unit tests'!$E:$E,A35,'Unit tests'!$C:$C)=0,"",SUMIF('Unit tests'!$E:$E,A35,'Unit tests'!$C:$C)) | K35: ZAC, GSB, Q94, ZPF, 8FE
A36: MA.8.AR.3.5 | B36: 8 | C36: Given a real-world context, determine and interpret the slope and y-intercept of a two-variable linear equation from a written description, a table, a graph or an equation in slope-intercept form. | D36: Clarification: problems include temperature conversions and equations of lines of fit in scatter plots. Boundary (B1G-M): "it is not the expectation to compare slopes or y-intercepts of two linear equations." Memorizing the F/C conversion formulas is not expected. | E36: 10, 13 | F36: 10.04 (Wed 27 Jan); 10.07+08 (Mon 1 Feb); 10.10 (Wed 3 Feb); 13.09 (Wed 17 Mar) | G36: 46414 | H36: 46463 | I36: PM2-R3 (16 Dec) | J36: =IF(SUMIF('Unit tests'!$E:$E,A36,'Unit tests'!$C:$C)=0,"",SUMIF('Unit tests'!$E:$E,A36,'Unit tests'!$C:$C)) | K36: ZPF, 8FE, H5B, 9E8, YK6, 9DW, ZQ6
A37: MA.8.AR.3.4 | B37: 8 | C37: Given a mathematical or real-world context, graph a two-variable linear equation from a written description, a table or an equation in slope-intercept form. | D37: Boundary (B1G-M): point-slope and standard form are not expectations. | E37: 10 | F37: 10.05 (Thu 28 Jan); 10.06 (Fri 29 Jan) | G37: 46415 | H37: 46416 | I37: PM2-R3 (16 Dec) | J37: =IF(SUMIF('Unit tests'!$E:$E,A37,'Unit tests'!$C:$C)=0,"",SUMIF('Unit tests'!$E:$E,A37,'Unit tests'!$C:$C)) | K37: U55, FSV, W5E, WHP, N7D, DC2, T7R, D9B, 7MZ
A38: MA.8.AR.3.3 | B38: 8 | C38: Given a table, graph or written description of a linear relationship, write an equation in slope-intercept form. | D38: Boundary (B1G-M): "Point-slope form and standard forms are not expectations at this grade level." B1G-M: give equations in formats other than y = mx + b, such as y = ax + b or y = b + mx. | E38: 10 | F38: 10.09 (Tue 2 Feb); 10.10 (Wed 3 Feb) | G38: 46420 | H38: 46421 | I38: PM2-R3 (16 Dec) | J38: =IF(SUMIF('Unit tests'!$E:$E,A38,'Unit tests'!$C:$C)=0,"",SUMIF('Unit tests'!$E:$E,A38,'Unit tests'!$C:$C)) | K38: WHM, UYY, VKP, 2R9, YK6
A39: MA.8.AR.2.1 | B39: 8 | C39: Solve multi-step linear equations in one variable, with rational number coefficients. Include equations with variables on both sides. | D39: Clarification: problem types include equations that generate one solution, infinitely many solutions or no solution. | E39: 11 | F39: 11.01 (Mon 8 Feb); 11.02 (Tue 9 Feb); 11.03 (Wed 10 Feb); 11.04 (Thu 11 Feb) | G39: 46426 | H39: 46429 | I39: PM2-R2 (15 Dec) | J39: =IF(SUMIF('Unit tests'!$E:$E,A39,'Unit tests'!$C:$C)=0,"",SUMIF('Unit tests'!$E:$E,A39,'Unit tests'!$C:$C)) | K39: Q2B, QWE, 8CZ, ZYL, XDE, 7TY, 55K, PGH, HZZ
A40: MA.8.AR.4.1 | B40: 8 | C40: Given a system of two linear equations and a specified set of possible solutions, determine which ordered pairs satisfy the system of linear equations. | D40: Clarification: a solution satisfies both equations simultaneously. | E40: 11 | F40: 11.05+06 (Fri 12 Feb) | G40: 46430 | H40: 46430 | J40: =IF(SUMIF('Unit tests'!$E:$E,A40,'Unit tests'!$C:$C)=0,"",SUMIF('Unit tests'!$E:$E,A40,'Unit tests'!$C:$C)) | K40: N46, AGZ, 9Z8
A41: MA.8.AR.4.2 | B41: 8 | C41: Given a system of two linear equations represented graphically on the same coordinate plane, determine whether there is one solution, no solution or infinitely many solutions. | E41: 11 | F41: 11.05+06 (Fri 12 Feb) | G41: 46430 | H41: 46430 | J41: =IF(SUMIF('Unit tests'!$E:$E,A41,'Unit tests'!$C:$C)=0,"",SUMIF('Unit tests'!$E:$E,A41,'Unit tests'!$C:$C)) | K41: N46, AGZ, 9Z8
A42: MA.8.AR.4.3 | B42: 8 | C42: Given a mathematical or real-world context, solve systems of two linear equations by graphing. | D42: Clarification: includes approximating non-integer solutions. Boundary: systems represented in slope-intercept form only. Clarification: includes recognizing that parallel lines have the same slope. Note: substitution and elimination are Algebra 1. Graphing only at grade 8. | E42: 11 | F42: 11.07 (Tue 16 Feb); 11.08 (Wed 17 Feb) | G42: 46434 | H42: 46435 | J42: =IF(SUMIF('Unit tests'!$E:$E,A42,'Unit tests'!$C:$C)=0,"",SUMIF('Unit tests'!$E:$E,A42,'Unit tests'!$C:$C)) | K42: C8X, TS7, W9J
A43: MA.8.F.1.1 | B43: 8 | C43: Given a set of ordered pairs, a table, a graph or mapping diagram, determine whether the relationship is a function. Identify the domain and range of the relation. | D43: Clarification: refer to the input as the independent variable and the output as the dependent variable. Boundary: represent domain and range as a list of numbers or as an inequality. A list cannot represent a relation with infinitely many values; an inequality cannot represent a discrete set. Boundary (B1G-M): function notation f(x) is Algebra 1, not grade 8. "In Algebra 1, students will classify the function type and represent it using function notation." ⚠ Florida cautions against the vertical line test — see Part 5. | E43: 12 | F43: 12.01+02 (Tue 23 Feb); 12.03 (Wed 24 Feb) | G43: 46441 | H43: 46442 | J43: =IF(SUMIF('Unit tests'!$E:$E,A43,'Unit tests'!$C:$C)=0,"",SUMIF('Unit tests'!$E:$E,A43,'Unit tests'!$C:$C)) | K43: LQJ, T7P, JT2, AEB, FSF
A44: MA.8.F.1.3 | B44: 8 | C44: Analyze a real-world written description or graphical representation of a functional relationship between two quantities and identify where the function is increasing, decreasing or constant. | D44: Boundary: continuous functions only. Clarification: includes writing a description of a graph, or sketching a graph from a written description. Boundary (B1G-M): students are not expected to recognize curves representing exponential growth or decay. | E44: 12 | F44: 12.04+05 (Thu 25 Feb); 12.06 (Fri 26 Feb) | G44: 46443 | H44: 46444 | J44: =IF(SUMIF('Unit tests'!$E:$E,A44,'Unit tests'!$C:$C)=0,"",SUMIF('Unit tests'!$E:$E,A44,'Unit tests'!$C:$C)) | K44: HWC
A45: MA.8.F.1.2 | B45: 8 | C45: Given a function defined by a graph or an equation, determine whether the function is a linear function. Given an input-output table, determine whether it could represent a linear function. | D45: Clarification: includes recognizing that a table may not determine a function. | E45: 12 | F45: 12.07 (Tue 2 Mar); 12.08+09 (Wed 3 Mar) | G45: 46448 | H45: 46449 | J45: =IF(SUMIF('Unit tests'!$E:$E,A45,'Unit tests'!$C:$C)=0,"",SUMIF('Unit tests'!$E:$E,A45,'Unit tests'!$C:$C)) | K45: ESE, 7EK, 7N2, XB8, VGS
A46: MA.7.DP.1.5 | B46: 7 | C46: Given a real-world numerical or categorical data set, choose and create an appropriate graphical representation. | D46: Boundary — displays: histograms, bar charts, circle graphs, line plots, box plots, stem-and-leaf plots. | E46: 13 | F46: 13.01+02+03 (Thu 11 Mar) | G46: 46457 | H46: 46457 | J46: =IF(SUMIF('Unit tests'!$E:$E,A46,'Unit tests'!$C:$C)=0,"",SUMIF('Unit tests'!$E:$E,A46,'Unit tests'!$C:$C)) | K46: VP6, 22B, 8AP, LGG, SKN, SHS, E76
A47: MA.8.DP.1.1 | B47: 8 | C47: Given a set of real-world bivariate numerical data, construct a scatter plot or a line graph as appropriate for the context. | D47: Clarification: includes recognizing similarities and differences between the two and choosing based on context. Boundary: data sets limited to 20 points. | E47: 13 | F47: 13.04+05 (Fri 12 Mar); 13.06 (Mon 15 Mar) | G47: 46458 | H47: 46461 | J47: =IF(SUMIF('Unit tests'!$E:$E,A47,'Unit tests'!$C:$C)=0,"",SUMIF('Unit tests'!$E:$E,A47,'Unit tests'!$C:$C)) | K47: ERM, TGQ, AVL, CG8, 9ER
A48: MA.8.DP.1.2 | B48: 8 | C48: Given a scatter plot within a real-world context, describe patterns of association. | D48: Clarification: descriptions include outliers; positive or negative; linear or nonlinear; strong or weak. B1G-M: an association usually needs more than one descriptor — "strong, positive, linear," not just "positive." B1G-M: "Outliers in scatter plots are different than outliers in box plots. There is no special rule determining if a data point is an outlier in a scatter plot." | E48: 13 | F48: 13.06 (Mon 15 Mar); 13.07+08 (Tue 16 Mar) | G48: 46461 | H48: 46462 | J48: =IF(SUMIF('Unit tests'!$E:$E,A48,'Unit tests'!$C:$C)=0,"",SUMIF('Unit tests'!$E:$E,A48,'Unit tests'!$C:$C)) | K48: AVL, CG8, 9ER, RP8, BG7, CM7
A49: MA.8.DP.1.3 | B49: 8 | C49: Given a scatter plot with a linear association, informally fit a straight line. | D49: Clarification: focus on the connection to linear functions. Clarification: use tools including a ruler; draw a line with approximately the same number of points above and below. No regression, no formula. "Informally" is the operative word. | E49: 13 | F49: 13.07+08 (Tue 16 Mar); 13.09 (Wed 17 Mar) | G49: 46462 | H49: 46463 | J49: =IF(SUMIF('Unit tests'!$E:$E,A49,'Unit tests'!$C:$C)=0,"",SUMIF('Unit tests'!$E:$E,A49,'Unit tests'!$C:$C)) | K49: RP8, BG7, CM7, 9DW, ZQ6
A50: MA.8.DP.2.1 | B50: 8 | C50: Determine the sample space for a repeated experiment. | D50: Clarification: record sample spaces using organized lists, tables or tree diagrams. Boundary — the experiments allowed: tossing a fair coin · rolling a fair die · picking a card randomly from a deck with replacement · picking marbles randomly from a bag with replacement · spinning a fair spinner. That list is closed. Boundary: repetition limited to two times, except for tossing a coin. | E50: 13, 17 | F50: T-C1 (Thu 18 Mar); 17.01–03 (Mon 26 Apr) | G50: 46464 | H50: 46503 | J50: =IF(SUMIF('Unit tests'!$E:$E,A50,'Unit tests'!$C:$C)=0,"",SUMIF('Unit tests'!$E:$E,A50,'Unit tests'!$C:$C)) | K50: P5R, AGW, BDZ, 5ZY, FRL
A51: MA.8.DP.2.2 | B51: 8 | C51: Find the theoretical probability of an event related to a repeated experiment. | D51: Clarification: represent probability as a fraction, percentage or decimal. Uses P(event) notation. Same two boundaries as DP.2.1. Assessment note: no blueprint row of its own — see Part 2. | E51: 13, 17 | F51: T-C2 (Fri 19 Mar); 17.01–03 (Mon 26 Apr) | G51: 46465 | H51: 46503 | J51: =IF(SUMIF('Unit tests'!$E:$E,A51,'Unit tests'!$C:$C)=0,"",SUMIF('Unit tests'!$E:$E,A51,'Unit tests'!$C:$C)) | K51: BDZ, 5ZY, FRL, P5R, AGW
A52: MA.8.AR.1.2 | B52: 8 | C52: Apply properties of operations to multiply two linear expressions with rational coefficients. | D52: Boundary: products where at least one factor is a monomial. | E52: 14 | F52: 14.05+06 (Thu 1 Apr) | G52: 46478 | H52: 46478 | J52: =IF(SUMIF('Unit tests'!$E:$E,A52,'Unit tests'!$C:$C)=0,"",SUMIF('Unit tests'!$E:$E,A52,'Unit tests'!$C:$C)) | K52: 8P3, 9B9
A53: MA.8.AR.1.3 | B53: 8 | C53: Rewrite the sum of two algebraic expressions having a common monomial factor as a common factor multiplied by the sum of two algebraic expressions. | E53: 14 | F53: 14.07+08 (Fri 2 Apr) | G53: 46479 | H53: 46479 | J53: =IF(SUMIF('Unit tests'!$E:$E,A53,'Unit tests'!$C:$C)=0,"",SUMIF('Unit tests'!$E:$E,A53,'Unit tests'!$C:$C)) | K53: K8S, BFZ
A54: MA.8.GR.2.1 | B54: 8 | C54: Given a preimage and image generated by a single transformation, identify the transformation that describes the relationship. | D54: Boundary: reflections, translations or rotations only (no dilations here). Clarification: focus on preservation of congruence. Boundary (B1G-M): not on the coordinate plane — that is GR.2.3. A single transformation means one vertical or one horizontal translation. | E54: 15 | F54: 15.01 (Wed 7 Apr); 15.02+03 (Thu 8 Apr); 15.06 (Wed 14 Apr) | G54: 46484 | H54: 46491 | J54: =IF(SUMIF('Unit tests'!$E:$E,A54,'Unit tests'!$C:$C)=0,"",SUMIF('Unit tests'!$E:$E,A54,'Unit tests'!$C:$C)) | K54: WER, LPP, S8S, A5K, HJ9, XUS, RUP, VAY, HJU
A55: MA.8.GR.2.3 | B55: 8 | C55: Describe and apply the effect of a single transformation on two-dimensional figures using coordinates and the coordinate plane. | D55: Boundary: reflections, translations, rotations or dilations. Boundary: lines of reflection limited to the x-axis, y-axis, or lines parallel to the axes. Boundary: rotations about the origin only, limited to 90°, 180°, 270°, 360°. Boundary: dilations centered at the origin only. Boundary (B1G-M): a vertical and horizontal translation counts as two transformations — out of scope. | E55: 15 | F55: 15.03b (Fri 9 Apr); 15.04 (Mon 12 Apr); 15.05 (Tue 13 Apr); 15.06 (Wed 14 Apr); 15.08 (Mon 19 Apr) | G55: 46486 | H55: 46496 | J55: =IF(SUMIF('Unit tests'!$E:$E,A55,'Unit tests'!$C:$C)=0,"",SUMIF('Unit tests'!$E:$E,A55,'Unit tests'!$C:$C)) | K55: HJ9, XUS, RUP, QLJ, AQ8, AC9, HHS, VAY, HJU, 9T4, UV9, U85, CWB
A56: MA.8.GR.2.2 | B56: 8 | C56: Given a preimage and image generated by a single dilation, identify the scale factor that describes the relationship. | D56: Clarification: connects to scale drawings and proportions. Clarification: similarity is preserved; congruence is not, unless the scale factor is 1. Boundary (B1G-M): not on the coordinate plane. "The preimage and its vertices will not have prime notation." | E56: 15 | F56: 15.07+09 (Thu 15 Apr) | G56: 46492 | H56: 46492 | J56: =IF(SUMIF('Unit tests'!$E:$E,A56,'Unit tests'!$C:$C)=0,"",SUMIF('Unit tests'!$E:$E,A56,'Unit tests'!$C:$C)) | K56: JTS, 9ZA, 8NK
A57: MA.8.GR.1.6 | B57: 8 | C57: Develop and use formulas for the sums of the interior angles of regular polygons by decomposing them into triangles. | D57: Clarification: includes representing angle measures as algebraic expressions. Students develop (n − 2)180°; it is not given. | E57: 16 | F57: 16.03+04 (Wed 21 Apr) | G57: 46498 | H57: 46498 | I57: PM2-R2 (15 Dec) | J57: =IF(SUMIF('Unit tests'!$E:$E,A57,'Unit tests'!$C:$C)=0,"",SUMIF('Unit tests'!$E:$E,A57,'Unit tests'!$C:$C)) | K57: JBP
A58: MA.8.DP.2.3 | B58: 8 | C58: Solve real-world problems involving probabilities related to single or repeated experiments, including making predictions based on theoretical probability. | D58: Clarification: connects to proportional relationships; P(event) notation. Same two boundaries as DP.2.1. Note this is the only grade 8 probability benchmark that mentions single experiments — and it is the one with a blueprint row. | E58: 17 | F58: 17.04–06 (Tue 27 Apr) | G58: 46504 | H58: 46504 | J58: =IF(SUMIF('Unit tests'!$E:$E,A58,'Unit tests'!$C:$C)=0,"",SUMIF('Unit tests'!$E:$E,A58,'Unit tests'!$C:$C)) | K58: 38C, ELU
A59: MA.912.AR.2.2 | B59: Algebra 1 | C59: Algebra 1 benchmark (PM3-window bridge); its wording is not in the Grade 8 source file. | E59: PM3 window | I59: PM3 (3 May) | J59: =IF(SUMIF('Unit tests'!$E:$E,A59,'Unit tests'!$C:$C)=0,"",SUMIF('Unit tests'!$E:$E,A59,'Unit tests'!$C:$C))
A60: MA.912.AR.9.1 | B60: Algebra 1 | C60: Algebra 1 benchmark (PM3-window bridge); its wording is not in the Grade 8 source file. | E60: PM3 window | I60: PM3 (3 May) | J60: =IF(SUMIF('Unit tests'!$E:$E,A60,'Unit tests'!$C:$C)=0,"",SUMIF('Unit tests'!$E:$E,A60,'Unit tests'!$C:$C))
A61: MA.912.NSO.1.4 | B61: Algebra 1 | C61: Algebra 1 benchmark (PM3-window bridge); its wording is not in the Grade 8 source file. | E61: PM3 window | I61: PM3 (3 May) | J61: =IF(SUMIF('Unit tests'!$E:$E,A61,'Unit tests'!$C:$C)=0,"",SUMIF('Unit tests'!$E:$E,A61,'Unit tests'!$C:$C))

Sheet Unit tests
A1: Unit tests and progress monitoring
A3: Unit | B3: Exam day 1 | C3: Exam day 2 | D3: Points | E3: Paper | F3: Key | G3: Unit Review (practice) | H3: Review key | I3: Reference Sheet
A4: Unit 1 | B4: before 23 Sep | E4: =HYPERLINK(Links!$Q$2,"open") -> open | F4: =HYPERLINK(Links!$Q$3,"open") -> open | G4: =HYPERLINK(Links!$Q$4,"open") -> open | H4: =HYPERLINK(Links!$Q$5,"open") -> open | I4: =HYPERLINK(Links!$Q$6,"open") -> open
A5: Unit 2 | B5: before 23 Sep | E5: =HYPERLINK(Links!$Q$7,"open") -> open | F5: =HYPERLINK(Links!$Q$8,"open") -> open | G5: =HYPERLINK(Links!$Q$9,"open") -> open | H5: =HYPERLINK(Links!$Q$10,"open") -> open | I5: =HYPERLINK(Links!$Q$11,"open") -> open
A6: Unit 3 | B6: 46310 | D6: =C41 -> 36 | E6: =HYPERLINK(Links!$Q$12,"open") -> open | F6: =HYPERLINK(Links!$Q$13,"open") -> open | G6: =HYPERLINK(Links!$Q$14,"open") -> open | H6: =HYPERLINK(Links!$Q$15,"open") -> open | I6: =HYPERLINK(Links!$Q$16,"open") -> open
A7: Unit 4 | B7: 46321 | C7: 46322 | D7: =C65 -> 34 | E7: =HYPERLINK(Links!$Q$17,"open") -> open | F7: =HYPERLINK(Links!$Q$18,"open") -> open | G7: =HYPERLINK(Links!$Q$19,"open") -> open | H7: =HYPERLINK(Links!$Q$20,"open") -> open | I7: =HYPERLINK(Links!$Q$21,"open") -> open
A8: Unit 5 | B8: 46331 | C8: 46332 | E8: not built yet
A9: Unit 6 | B9: 46356 | C9: 46357 | E9: not built yet
A10: Unit 7 | B10: 46366 | C10: 46367 | E10: not built yet
A11: Unit 8/9 | B11: 46408 | C11: 46409 | E11: not built yet
A12: Unit 10 | B12: 46422 | C12: 46423 | E12: not built yet
A13: Unit 11 | B13: 46436 | C13: 46437 | E13: not built yet
A14: Unit 12 | B14: 46454 | C14: 46455 | E14: not built yet
A15: Unit 13 | B15: 46475 | C15: 46476 | E15: not built yet
A16: Unit 14 | B16: 46482 | C16: 46483 | E16: not built yet
A17: Unit 15/16 | B17: 46499 | C17: 46500 | E17: not built yet
A18: Unit 17 | B18: 46506 | C18: 46507 | E18: not built yet
A19: PM2 | B19: 46370 | C19: 46372 | E19: review days; the PM2 test date is set by the school
A20: PM3 | B20: 46510 | C20: 46535 | E20: the PM3 window; test date TBD by the school — the whole window is free of new content
A22: Unit 3 test — question map
A23: One paper over two periods; one point per lettered part. Transfer items are not on the practice test.
A24: Question | B24: Parts | C24: Points | D24: Section | E24: Benchmark | F24: Format | G24: Transfer item | I24: Benchmark | J24: Points | K24: Share of the test
A25: 1 | B25: a–d | C25: 4 | D25: Laws of Exponents | E25: MA.7.NSO.1.1 | F25: Parts | I25: MA.7.NSO.1.1 | J25: =SUMIF($E$25:$E$40,I25,$C$25:$C$40) -> 9 | K25: =J25/$C$41 -> 0.25
A26: 2 | B26: a–c | C26: 3 | D26: Laws of Exponents | E26: MA.7.NSO.1.1 | F26: Parts | I26: MA.8.NSO.1.3 | J26: =SUMIF($E$25:$E$40,I26,$C$25:$C$40) -> 9 | K26: =J26/$C$41 -> 0.25
A27: 3 | C27: 1 | D27: Laws of Exponents | E27: MA.7.NSO.1.1 | F27: Multiple choice | I27: MA.8.AR.1.1 | J27: =SUMIF($E$25:$E$40,I27,$C$25:$C$40) -> 8 | K27: =J27/$C$41 -> 0.22222222
A28: 4 | C28: 1 | D28: Laws of Exponents | E28: MA.7.NSO.1.1 | F28: Written | I28: MA.8.NSO.1.4 | J28: =SUMIF($E$25:$E$40,I28,$C$25:$C$40) -> 10 | K28: =J28/$C$41 -> 0.27777778
A29: 5 | B29: a–c | C29: 3 | D29: Integer Exponents | E29: MA.8.NSO.1.3 | F29: Parts
A30: 6 | B30: a–d | C30: 4 | D30: Integer Exponents | E30: MA.8.NSO.1.3 | F30: Parts
A31: 7 | C31: 1 | D31: Integer Exponents | E31: MA.8.NSO.1.3 | F31: Multiple choice
A32: 8 | C32: 1 | D32: Integer Exponents | E32: MA.8.NSO.1.3 | F32: Multiple choice
A33: 9 | B33: a–d | C33: 4 | D33: Variable Bases | E33: MA.8.AR.1.1 | F33: Parts
A34: 10 | B34: a–c | C34: 3 | D34: Variable Bases | E34: MA.8.AR.1.1 | F34: Parts
A35: 11 | C35: 1 | D35: Variable Bases | E35: MA.8.AR.1.1 | F35: Multiple choice
A36: 12 | B36: a–d | C36: 4 | D36: Scientific Notation | E36: MA.8.NSO.1.4 | F36: Parts
A37: 13 | B37: a–b | C37: 2 | D37: Scientific Notation | E37: MA.8.NSO.1.4 | F37: Parts
A38: 14 | C38: 1 | D38: Scientific Notation | E38: MA.8.NSO.1.4 | F38: Multiple choice
A39: 15 | B39: a–b | C39: 2 | D39: Scientific Notation | E39: MA.8.NSO.1.4 | F39: Parts
A40: 16 | C40: 1 | D40: Scientific Notation | E40: MA.8.NSO.1.4 | F40: Written
B41: Total | C41: =SUM(C25:C40) -> 36
A44: Unit 4 test — question map
A45: One paper over two periods; one point per lettered part. Transfer items are not on the practice test.
A46: Question | B46: Parts | C46: Points | D46: Section | E46: Benchmark | F46: Format | G46: Transfer item | I46: Benchmark | J46: Points | K46: Share of the test
A47: 1 | B47: a–d | C47: 4 | D47: Operations in Scientific Notation | E47: MA.8.NSO.1.5 | F47: Parts | I47: MA.8.NSO.1.5 | J47: =SUMIF($E$47:$E$64,I47,$C$47:$C$64) -> 12 | K47: =J47/$C$65 -> 0.35294118
A48: 2 | B48: a–d | C48: 4 | D48: Operations in Scientific Notation | E48: MA.8.NSO.1.5 | F48: Parts | I48: MA.8.NSO.1.6 | J48: =SUMIF($E$47:$E$64,I48,$C$47:$C$64) -> 9 | K48: =J48/$C$65 -> 0.26470588
A49: 3 | C49: 1 | D49: Operations in Scientific Notation | E49: MA.8.NSO.1.5 | F49: Multiple choice | I49: MA.8.NSO.1.7 | J49: =SUMIF($E$47:$E$64,I49,$C$47:$C$64) -> 13 | K49: =J49/$C$65 -> 0.38235294
A50: 4 | C50: 1 | D50: Operations in Scientific Notation | E50: MA.8.NSO.1.5 | F50: Multiple choice
A51: 5 | C51: 1 | D51: Operations in Scientific Notation | E51: MA.8.NSO.1.5 | F51: Written
A52: 6 | C52: 1 | D52: Operations in Scientific Notation | E52: MA.8.NSO.1.5 | F52: Written | G52: yes
A53: 7 | B53: a–c | C53: 3 | D53: Real-World Problems and Significant Digits | E53: MA.8.NSO.1.6 | F53: Parts
A54: 8 | B54: a–b | C54: 2 | D54: Real-World Problems and Significant Digits | E54: MA.8.NSO.1.6 | F54: Parts
A55: 9 | B55: a–b | C55: 2 | D55: Real-World Problems and Significant Digits | E55: MA.8.NSO.1.6 | F55: Parts
A56: 10 | C56: 1 | D56: Real-World Problems and Significant Digits | E56: MA.8.NSO.1.6 | F56: Written
A57: 11 | C57: 1 | D57: Real-World Problems and Significant Digits | E57: MA.8.NSO.1.6 | F57: Multiple choice
A58: 12 | B58: a–d | C58: 4 | D58: The Order of Operations with Exponents and Radicals | E58: MA.8.NSO.1.7 | F58: Parts
A59: 13 | B59: a–c | C59: 3 | D59: The Order of Operations with Exponents and Radicals | E59: MA.8.NSO.1.7 | F59: Parts
A60: 14 | B60: a–b | C60: 2 | D60: The Order of Operations with Exponents and Radicals | E60: MA.8.NSO.1.7 | F60: Parts
A61: 15 | C61: 1 | D61: The Order of Operations with Exponents and Radicals | E61: MA.8.NSO.1.7 | F61: Multiple choice
A62: 16 | C62: 1 | D62: The Order of Operations with Exponents and Radicals | E62: MA.8.NSO.1.7 | F62: Multiple choice
A63: 17 | C63: 1 | D63: The Order of Operations with Exponents and Radicals | E63: MA.8.NSO.1.7 | F63: Written
A64: 18 | C64: 1 | D64: The Order of Operations with Exponents and Radicals | E64: MA.8.NSO.1.7 | F64: Written | G64: yes
B65: Total | C65: =SUM(C47:C64) -> 34

Sheet Month calendar
A1: September 2026
A2: Monday | B2: Tuesday | C2: Wednesday | D2: Thursday | E2: Friday
A3: 21 Units 1–2 | B3: 22 Units 1–2 | C3: 23 3.01 Product laws of exponents | D3: 24 3.02 Quotient laws of exponents | E3: 25 3.03 Exponential expressions
A4: 28 3.04 Negative exponent law | B4: 29 3.05 Applying exponent laws | C4: 30 3.06+07 Evaluating and equivalent expressions with integer exponents
A6: October 2026
A7: Monday | B7: Tuesday | C7: Wednesday | D7: Thursday | E7: Friday
D8: 1 extra A day off the plan (the log does not say which day, or why) | E8: 2 extra Extra review day
A9: 5 T-A1 Thread A: the same laws with variable bases (14.1–14.2) | B9: 6 T-A2 Thread A: negative exponents and multiple laws, variable bases (14.3–14.4) | C9: 7 3.08 Large numbers in scientific notation | D9: 8 off State test — no class | E9: 9 3.09 Small numbers in scientific notation; how many times larger
A10: 12 No school | B10: 13 spiral Spiral day — mixed retrieval from the unit just finished and the two before it | C10: 14 spiral Spiral day — mixed retrieval from the unit just finished and the two before it | D10: 15 3.X1 Unit 3 exam, day 1 | E10: 16 4.01 Add and subtract in scientific notation
A11: 19 4.02+03 Multiply and divide in scientific notation | B11: 20 4.04 Real-world scientific notation; significant digits | C11: 21 4.05 Expressions with radicals (perfect squares to 225, cubes −125 to 125) | D11: 22 4.06 Order of operations with exponents and radicals | E11: 23 4.07+08 Real-world order-of-operations problems
A12: 26 4.X1 Unit 4 exam, day 1 | B12: 27 4.X2 Unit 4 exam, day 2 | C12: 28 5.01 Scale drawings | D12: 29 5.02+03 Scale factor: perimeter and area (k and k²) | E12: 30 5.04 Real-world scale drawings
A14: November 2026
A15: Monday | B15: Tuesday | C15: Wednesday | D15: Thursday | E15: Friday
A17: 2 5.06+07 Converting length across systems; currency | B17: 3 5.08+09 Converting mass, area and volume across systems | C17: 4 5.10+11 Multi-step proportion problems | D17: 5 5.X1 Unit 5 exam, day 1 | E17: 6 5.X2 Unit 5 exam, day 2
A18: 9 6.01+02 Triangle Inequality Theorem; converse of the Pythagorean Theorem | B18: 10 6.03 Pythagorean Theorem (memorize) | C18: 11 No school | D18: 12 6.04 Pythagorean Theorem in real-world problems | E18: 13 6.05 Distance on the coordinate plane
A19: 16 6.06 Real-world coordinate-plane problems; perimeter | B19: 17 T-B1 Thread B: angle pairs — supplementary, complementary, vertical, adjacent (16.1) | C19: 18 T-B2 Thread B: interior and exterior angles of a triangle (16.2) | D19: 19 6.07+08 Similar triangles; indirect measurement | E19: 20 spiral Spiral day — mixed retrieval from the unit just finished and the two before it
A20: 23 No school | B20: 24 No school | C20: 25 No school | D20: 26 No school | E20: 27 No school
A21: 30 6.X1 Unit 6 exam, day 1
A23: December 2026
A24: Monday | B24: Tuesday | C24: Wednesday | D24: Thursday | E24: Friday
B25: 1 6.X2 Unit 6 exam, day 2 | C25: 2 flex Flex day — reteach from exam evidence, or absorb a lost day | D25: 3 7.01 Graphing proportional relationships | E25: 4 7.02+03 Constant of proportionality (table, graph, description)
A26: 7 7.04 Is it proportional? | B26: 8 7.05+06 Equations of proportional relationships; translating representations | C26: 9 7.07 Comparing proportional relationships | D26: 10 7.X1 Unit 7 exam, day 1 | E26: 11 7.X2 Unit 7 exam, day 2
A27: 14 PM2-R1 PM2 review 1: number system, exponents, scientific notation (whiteboards) | B27: 15 PM2-R2 PM2 review 2: equations, inequalities, Pythagorean, angles (whiteboards) | C27: 16 PM2-R3 PM2 review 3: proportional → linear preview; mixed FAST-shaped round | D27: 17 8.01+02 Circle relationships; circumference | E27: 18 8.03 Radius and diameter from circumference
A28: 21 No school | B28: 22 No school | C28: 23 No school | D28: 24 No school | E28: 25 No school
A29: 28 No school | B29: 29 No school | C29: 30 No school | D29: 31 No school
A31: January 2027
A32: Monday | B32: Tuesday | C32: Wednesday | D32: Thursday | E32: Friday
E33: 1 No school
A34: 4 No school | B34: 5 No school | C34: 6 8.04+05 Area of a circle | D34: 7 8.06 Circumference and area problems; sectors | E34: 8 8.08+09 Sectors and circle graphs
A35: 11 9.01+02 Surface area of cylinders from nets | B35: 12 9.03+04+05 Volume of cylinders; problems | C35: 13 spiral Spiral day — mixed retrieval from the unit just finished and the two before it | D35: 14 off State test — no class | E35: 15 spiral Spiral day — mixed retrieval from the unit just finished and the two before it
A36: 18 No school | B36: 19 spiral Spiral day — mixed retrieval from the unit just finished and the two before it | C36: 20 spiral Spiral day — mixed retrieval from the unit just finished and the two before it | D36: 21 8/9.X1 Units 8–9 exam, day 1 | E36: 22 8/9.X2 Units 8–9 exam, day 2
A37: 25 10.01 Proportional relationships revisited (linear ⇒ proportional?) | B37: 26 10.02+03 Slope from two points, graphs, tables | C37: 27 10.04 Slope in context | D37: 28 10.05 Slope-intercept form; graph a line | E37: 29 10.06 Graphing from tables and contexts
A39: February 2027
A40: Monday | B40: Tuesday | C40: Wednesday | D40: Thursday | E40: Friday
A41: 1 10.07+08 Interpreting slope and intercept (graphs, equations, tables, descriptions; F↔C) | B41: 2 10.09 Writing equations of lines | C41: 3 10.10 Writing equations for contexts; lines of fit preview | D41: 4 10.X1 Unit 10 exam, day 1 | E41: 5 10.X2 Unit 10 exam, day 2
A42: 8 11.01 Equations with like terms and the distributive property | B42: 9 11.02 Variables on both sides | C42: 10 11.03 One, none, infinitely many solutions | D42: 11 11.04 Multi-step equations | E42: 12 11.05+06 Systems: which points are solutions; how many solutions
A43: 15 No school | B43: 16 11.07 Solving systems by graphing | C43: 17 11.08 Systems in context (approximate solutions) | D43: 18 11.X1 Unit 11 exam, day 1 | E43: 19 11.X2 Unit 11 exam, day 2
A44: 22 flex Flex day — reteach from exam evidence, or absorb a lost day | B44: 23 12.01+02 Relations; domain and range | C44: 24 12.03 Is it a function? | D44: 25 12.04+05 Describing graphs: increasing, decreasing, constant | E44: 26 12.06 Sketching graphs from descriptions
A46: March 2027
A47: Monday | B47: Tuesday | C47: Wednesday | D47: Thursday | E47: Friday
A48: 1 off State test — no class | B48: 2 12.07 Functions from equations, tables, graphs | C48: 3 12.08+09 Is it linear? (graphs, equations, tables) | D48: 4 spiral Spiral day — mixed retrieval from the unit just finished and the two before it | E48: 5 No school
A49: 8 12.X1 Unit 12 exam, day 1 | B49: 9 12.X2 Unit 12 exam, day 2 | C49: 10 flex Flex day — reteach from exam evidence, or absorb a lost day | D49: 11 13.01+02+03 Choosing and creating displays (numerical, categorical) | E49: 12 13.04+05 Bivariate data; line graphs
A50: 15 13.06 Scatter plots and association | B50: 16 13.07+08 Lines of fit; outliers | C50: 17 13.09 Interpreting the equation of a line of fit | D50: 18 T-C1 Thread C: sample spaces of repeated experiments (17.1) | E50: 19 T-C2 Thread C: theoretical probability of repeated experiments (17.2–17.3)
A51: 22 No school | B51: 23 No school | C51: 24 No school | D51: 25 No school | E51: 26 No school
A52: 29 13.X1 Unit 13 exam, day 1 | B52: 30 13.X2 Unit 13 exam, day 2 | C52: 31 14.01–04 Exponent laws with variable bases — consolidation of Thread A
A54: April 2027
A55: Monday | B55: Tuesday | C55: Wednesday | D55: Thursday | E55: Friday
D56: 1 14.05+06 Multiplying a monomial by a linear expression | E56: 2 14.07+08 Factoring a common monomial
A57: 5 14.X1 Unit 14 exam, day 1 | B57: 6 14.X2 Unit 14 exam, day 2 | C57: 7 15.01 Slides, flips, spins | D57: 8 15.02+03 Reflections, rotations, translations — identify and describe | E57: 9 15.03b Translations on the coordinate plane
A58: 12 15.04 Reflections on the coordinate plane | B58: 13 15.05 Rotations on the coordinate plane (about the origin) | C58: 14 15.06 Describing rigid transformations; congruence | D58: 15 15.07+09 Dilations and scale factor | E58: 16 No school
A59: 19 15.08 Dilations on the coordinate plane (centered at the origin) | B59: 20 16.01+02 Angle relationships — consolidation of Thread B | C59: 21 16.03+04 Interior angles of polygons | D59: 22 15/16.X1 Units 15–16 exam, day 1 | E59: 23 15/16.X2 Units 15–16 exam, day 2
A60: 26 17.01–03 Repeated experiments — consolidation of Thread C | B60: 27 17.04–06 Predictions from theoretical probability | C60: 28 spiral Spiral day — mixed retrieval from the unit just finished and the two before it | D60: 29 17.X1 Unit 17 exam, day 1 | E60: 30 17.X2 Unit 17 exam, day 2
A62: May 2027
A63: Monday | B63: Tuesday | C63: Wednesday | D63: Thursday | E63: Friday
A65: 3 PM3 PM3 window | B65: 4 PM3 window | C65: 5 PM3 window | D65: 6 PM3 window | E65: 7 PM3 window
A66: 10 PM3 window | B66: 11 PM3 window | C66: 12 PM3 window | D66: 13 PM3 window | E66: 14 PM3 window
A67: 17 PM3 window | B67: 18 PM3 window | C67: 19 PM3 window | D67: 20 PM3 window | E67: 21 PM3 window
A68: 24 PM3 window | B68: 25 PM3 window | C68: 26 PM3 window | D68: 27 PM3 window | E68: 28 PM3 window

Sheet Vocabulary
A1: Unit | B1: Lesson | C1: First day | D1: Term | E1: Definition
A2: 3 | B2: 3.01 | C2: 46288 | D2: base | E2: the number that is used as a factor: in 2³ the base is 2
A3: 3 | B3: 3.01 | C3: 46288 | D3: exponent | E3: the number of times the base is used as a factor: 2³ = 2 · 2 · 2
A4: 3 | B4: 3.01 | C4: 46288 | D4: power | E4: a base with an exponent, such as 2³; its value is 8
A5: 3 | B5: 3.01 | C5: 46288 | D5: product of powers law | E5: aᵐ · aⁿ = aᵐ⁺ⁿ — same base, add the exponents
A6: 3 | B6: 3.01 | C6: 46288 | D6: power of a product law | E6: (ab)ᵐ = aᵐ · bᵐ — the exponent goes to every factor
A7: 3 | B7: 3.01 | C7: 46288 | D7: power of a power law | E7: (aᵐ)ⁿ = aᵐⁿ — multiply the exponents
A8: 3 | B8: 3.01 | C8: 46288 | D8: identity exponent law | E8: a¹ = a
A9: 3 | B9: 3.02 | C9: 46289 | D9: quotient of powers law | E9: aᵐ/aⁿ = aᵐ⁻ⁿ, a ≠ 0 — same base, subtract the exponents
A10: 3 | B10: 3.02 | C10: 46289 | D10: power of a quotient law | E10: (a/b)ᵐ = aᵐ/bᵐ, b ≠ 0 — the exponent goes to numerator and denominator
A11: 3 | B11: 3.02 | C11: 46289 | D11: zero exponent law | E11: a⁰ = 1 for every nonzero a
A12: 3 | B12: 3.03 | C12: 46290 | D12: equivalent expressions | E12: two expressions with the same value for every choice of numbers; the laws of exponents turn one into the other
A13: 3 | B13: 3.03 | C13: 46290 | D13: evaluate | E13: find the single value of an expression
... A49: 4 | B49: 4.07+08 | C49: 46318 | D49: unit | E49: what the answer is counted in: feet, dollars, joules. A real-world answer without a unit is not an answer

Sheet Units
A1: Unit | B1: Title | C1: First day | D1: Last day | E1: Periods | F1: Status | G1: Package folder | H1: START HERE | I1: Reference Sheet | J1: Unit Review | K1: Review key | L1: Unit Assessment | M1: Assessment key | N1: Slides folder
A2: 1 | B2: Equations and Inequalities | C2: before 23 Sep | F2: built (before the spec system; not covered by the checks) | G2: =HYPERLINK(Links!$Q$22,"folder") -> folder | H2: =HYPERLINK(Links!$Q$23,"open") -> open | I2: =HYPERLINK(Links!$Q$24,"open") -> open | J2: =HYPERLINK(Links!$Q$25,"open") -> open | K2: =HYPERLINK(Links!$Q$26,"open") -> open | L2: =HYPERLINK(Links!$Q$27,"open") -> open | M2: =HYPERLINK(Links!$Q$28,"open") -> open | N2: =HYPERLINK(Links!$Q$29,"folder") -> folder
A3: 2 | B3: Real Numbers, Square Roots and Cube Roots | C3: before 23 Sep | F3: built (before the spec system; not covered by the checks) | G3: =HYPERLINK(Links!$Q$30,"folder") -> folder | H3: =HYPERLINK(Links!$Q$31,"open") -> open | I3: =HYPERLINK(Links!$Q$32,"open") -> open | J3: =HYPERLINK(Links!$Q$33,"open") -> open | K3: =HYPERLINK(Links!$Q$34,"open") -> open | L3: =HYPERLINK(Links!$Q$35,"open") -> open | M3: =HYPERLINK(Links!$Q$36,"open") -> open | N3: =HYPERLINK(Links!$Q$37,"folder") -> folder
A4: 3 | B4: Exponents and Scientific Notation | C4: 46288 | D4: 46310 | E4: =COUNTIF('Scope & Sequence'!$C$2:$C$132,A4) -> 16 | F4: built, audited 21 Sep 2026 | G4: =HYPERLINK(Links!$Q$38,"folder") -> folder | H4: =HYPERLINK(Links!$Q$39,"open") -> open | I4: =HYPERLINK(Links!$Q$40,"open") -> open | J4: =HYPERLINK(Links!$Q$41,"open") -> open | K4: =HYPERLINK(Links!$Q$42,"open") -> open | L4: =HYPERLINK(Links!$Q$43,"open") -> open | M4: =HYPERLINK(Links!$Q$44,"open") -> open | N4: =HYPERLINK(Links!$Q$45,"folder") -> folder
A5: 4 | B5: Solving Problems with Rational Numbers | C5: 46311 | D5: 46322 | E5: =COUNTIF('Scope & Sequence'!$C$2:$C$132,A5) -> 8 | F5: built, audited 21 Sep 2026 | G5: =HYPERLINK(Links!$Q$46,"folder") -> folder | H5: =HYPERLINK(Links!$Q$47,"open") -> open | I5: =HYPERLINK(Links!$Q$48,"open") -> open | J5: =HYPERLINK(Links!$Q$49,"open") -> open | K5: =HYPERLINK(Links!$Q$50,"open") -> open | L5: =HYPERLINK(Links!$Q$51,"open") -> open | M5: =HYPERLINK(Links!$Q$52,"open") -> open | N5: =HYPERLINK(Links!$Q$53,"folder") -> folder
A6: 5 | B6: Solving Multi-Step Problems with Proportional Relationships | C6: 46323 | D6: 46332 | E6: =COUNTIF('Scope & Sequence'!$C$2:$C$132,A6) -> 8 | F6: not built yet
A7: 6 | B7: Relationships in Triangles | C7: 46335 | D7: 46358 | E7: =COUNTIF('Scope & Sequence'!$C$2:$C$132,A7) -> 12 | F7: not built yet
A8: 7 | B8: Representing Proportional Relationships | C8: 46359 | D8: 46367 | E8: =COUNTIF('Scope & Sequence'!$C$2:$C$132,A8) -> 7 | F8: not built yet
A9: 8 | B9: Relationships in Circles | C9: 46373 | D9: 46395 | E9: =COUNTIF('Scope & Sequence'!$C$2:$C$132,A9) -> 5 | F9: not built yet
A10: 9 | B10: Surface Area and Volume | C10: 46398 | D10: 46409 | E10: =COUNTIF('Scope & Sequence'!$C$2:$C$132,A10) -> 9 | F10: not built yet
A11: 10 | B11: Linear Relationships | C11: 46412 | D11: 46423 | E11: =COUNTIF('Scope & Sequence'!$C$2:$C$132,A11) -> 10 | F11: not built yet
A12: 11 | B12: Solving Equations and Systems of Equations | C12: 46426 | D12: 46440 | E12: =COUNTIF('Scope & Sequence'!$C$2:$C$132,A12) -> 10 | F12: not built yet
A13: 12 | B13: Functions | C13: 46441 | D13: 46456 | E13: =COUNTIF('Scope & Sequence'!$C$2:$C$132,A13) -> 11 | F13: not built yet
A14: 13 | B14: Representing Data | C14: 46457 | D14: 46476 | E14: =COUNTIF('Scope & Sequence'!$C$2:$C$132,A14) -> 9 | F14: not built yet
A15: 14 | B15: Equivalent Algebraic Expressions | C15: 46477 | D15: 46483 | E15: =COUNTIF('Scope & Sequence'!$C$2:$C$132,A15) -> 5 | F15: not built yet
A16: 15 | B16: Transformations | C16: 46484 | D16: 46496 | E16: =COUNTIF('Scope & Sequence'!$C$2:$C$132,A16) -> 8 | F16: not built yet
A17: 16 | B17: Properties and Theorems of Angles | C17: 46497 | D17: 46500 | E17: =COUNTIF('Scope & Sequence'!$C$2:$C$132,A17) -> 4 | F17: not built yet
A18: 17 | B18: Probability | C18: 46503 | D18: 46507 | E18: =COUNTIF('Scope & Sequence'!$C$2:$C$132,A18) -> 5 | F18: not built yet
A20: Periods counts this unit's rows on the Scope & Sequence tab (exam, spiral and flex days included).

Sheet Units 1–2 decks
A1: Unit | B1: Lesson | C1: Slides (PDF) | D1: Teacher Edition | E1: Question Bank | F1: Question Bank – Additional | G1: Bank key | H1: Additional key
A2: 1 | B2: 1.01 | C2: =HYPERLINK(Links!$Q$54,"open") -> open | D2: =HYPERLINK(Links!$Q$55,"open") -> open | E2: =HYPERLINK(Links!$Q$56,"open") -> open | F2: =HYPERLINK(Links!$Q$57,"open") -> open | G2: =HYPERLINK(Links!$Q$58,"open") -> open | H2: =HYPERLINK(Links!$Q$59,"open") -> open
A3: 1 | B3: 1.02 | C3: =HYPERLINK(Links!$Q$60,"open") -> open | D3: =HYPERLINK(Links!$Q$61,"open") -> open | E3: =HYPERLINK(Links!$Q$62,"open") -> open | F3: =HYPERLINK(Links!$Q$63,"open") -> open | G3: =HYPERLINK(Links!$Q$64,"open") -> open | H3: =HYPERLINK(Links!$Q$65,"open") -> open
A4: 1 | B4: 1.03 | C4: =HYPERLINK(Links!$Q$66,"open") -> open | D4: =HYPERLINK(Links!$Q$67,"open") -> open | E4: =HYPERLINK(Links!$Q$68,"open") -> open | F4: =HYPERLINK(Links!$Q$69,"open") -> open | G4: =HYPERLINK(Links!$Q$70,"open") -> open | H4: =HYPERLINK(Links!$Q$71,"open") -> open
A5: 1 | B5: 1.04 | C5: =HYPERLINK(Links!$Q$72,"open") -> open | D5: =HYPERLINK(Links!$Q$73,"open") -> open | E5: =HYPERLINK(Links!$Q$74,"open") -> open | F5: =HYPERLINK(Links!$Q$75,"open") -> open | G5: =HYPERLINK(Links!$Q$76,"open") -> open | H5: =HYPERLINK(Links!$Q$77,"open") -> open
A6: 1 | B6: 1.05 | C6: =HYPERLINK(Links!$Q$78,"open") -> open | D6: =HYPERLINK(Links!$Q$79,"open") -> open | E6: =HYPERLINK(Links!$Q$80,"open") -> open | F6: =HYPERLINK(Links!$Q$81,"open") -> open | G6: =HYPERLINK(Links!$Q$82,"open") -> open | H6: =HYPERLINK(Links!$Q$83,"open") -> open
A7: 1 | B7: 1.06 | C7: =HYPERLINK(Links!$Q$84,"open") -> open | D7: =HYPERLINK(Links!$Q$85,"open") -> open | E7: =HYPERLINK(Links!$Q$86,"open") -> open | F7: =HYPERLINK(Links!$Q$87,"open") -> open | G7: =HYPERLINK(Links!$Q$88,"open") -> open | H7: =HYPERLINK(Links!$Q$89,"open") -> open
A8: 1 | B8: 1.07 | C8: =HYPERLINK(Links!$Q$90,"open") -> open | D8: =HYPERLINK(Links!$Q$91,"open") -> open | E8: =HYPERLINK(Links!$Q$92,"open") -> open | F8: =HYPERLINK(Links!$Q$93,"open") -> open | G8: =HYPERLINK(Links!$Q$94,"open") -> open | H8: =HYPERLINK(Links!$Q$95,"open") -> open
A9: 1 | B9: 1.08 | C9: =HYPERLINK(Links!$Q$96,"open") -> open | D9: =HYPERLINK(Links!$Q$97,"open") -> open | E9: =HYPERLINK(Links!$Q$98,"open") -> open | F9: =HYPERLINK(Links!$Q$99,"open") -> open | G9: =HYPERLINK(Links!$Q$100,"open") -> open | H9: =HYPERLINK(Links!$Q$101,"open") -> open
A10: 1 | B10: 1.09 | C10: =HYPERLINK(Links!$Q$102,"open") -> open | D10: =HYPERLINK(Links!$Q$103,"open") -> open | E10: =HYPERLINK(Links!$Q$104,"open") -> open | F10: =HYPERLINK(Links!$Q$105,"open") -> open | G10: =HYPERLINK(Links!$Q$106,"open") -> open | H10: =HYPERLINK(Links!$Q$107,"open") -> open
A11: 1 | B11: 1.10 | C11: =HYPERLINK(Links!$Q$108,"open") -> open | D11: =HYPERLINK(Links!$Q$109,"open") -> open | E11: =HYPERLINK(Links!$Q$110,"open") -> open | F11: =HYPERLINK(Links!$Q$111,"open") -> open | G11: =HYPERLINK(Links!$Q$112,"open") -> open | H11: =HYPERLINK(Links!$Q$113,"open") -> open
A12: 2 | B12: 2.01 | C12: =HYPERLINK(Links!$Q$114,"open") -> open | D12: =HYPERLINK(Links!$Q$115,"open") -> open | E12: =HYPERLINK(Links!$Q$116,"open") -> open | F12: =HYPERLINK(Links!$Q$117,"open") -> open | G12: =HYPERLINK(Links!$Q$118,"open") -> open | H12: =HYPERLINK(Links!$Q$119,"open") -> open
A13: 2 | B13: 2.02 | C13: =HYPERLINK(Links!$Q$120,"open") -> open | D13: =HYPERLINK(Links!$Q$121,"open") -> open | E13: =HYPERLINK(Links!$Q$122,"open") -> open | F13: =HYPERLINK(Links!$Q$123,"open") -> open | G13: =HYPERLINK(Links!$Q$124,"open") -> open | H13: =HYPERLINK(Links!$Q$125,"open") -> open
A14: 2 | B14: 2.03 | C14: =HYPERLINK(Links!$Q$126,"open") -> open | D14: =HYPERLINK(Links!$Q$127,"open") -> open | E14: =HYPERLINK(Links!$Q$128,"open") -> open | F14: =HYPERLINK(Links!$Q$129,"open") -> open | G14: =HYPERLINK(Links!$Q$130,"open") -> open | H14: =HYPERLINK(Links!$Q$131,"open") -> open
A15: 2 | B15: 2.04 | C15: =HYPERLINK(Links!$Q$132,"open") -> open | D15: =HYPERLINK(Links!$Q$133,"open") -> open | E15: =HYPERLINK(Links!$Q$134,"open") -> open | F15: =HYPERLINK(Links!$Q$135,"open") -> open | G15: =HYPERLINK(Links!$Q$136,"open") -> open | H15: =HYPERLINK(Links!$Q$137,"open") -> open
A16: 2 | B16: 2.05 | C16: =HYPERLINK(Links!$Q$138,"open") -> open | D16: =HYPERLINK(Links!$Q$139,"open") -> open | E16: =HYPERLINK(Links!$Q$140,"open") -> open | F16: =HYPERLINK(Links!$Q$141,"open") -> open | G16: =HYPERLINK(Links!$Q$142,"open") -> open | H16: =HYPERLINK(Links!$Q$143,"open") -> open
A17: 2 | B17: 2.06 | C17: =HYPERLINK(Links!$Q$144,"open") -> open | D17: =HYPERLINK(Links!$Q$145,"open") -> open | F17: =HYPERLINK(Links!$Q$146,"open") -> open | H17: =HYPERLINK(Links!$Q$147,"open") -> open

Sheet About
A1: What this is
A2: The 2026–27 plan for Grade 7 Accelerated (course 1205050) with everything for each day in one place: one row per class day from 23 September to 30 April, then the PM3 window (3–28 May).
A4: The tabs
A5: Today — the next class day (today's, on a class day), with its target, vocabulary, IXL and a tap-to-open link for every document; then the five days after it.
A6: Scope & Sequence — every class day: the documents (slides, Teacher Edition, plan, question banks, independent set, and each one's answer key), IXL, learning target, essential question, vocabulary, benchmark wording, MTRs, the closure question and its answer, and the Math Nation lessons the day covers. Tap an MTR or closure cell for the note behind it.
A7: On an exam day the Slides column opens the test paper and the Bank key column its key; on a spiral day they open the Unit Review (which goes home as practice) and its key.
A8: IXL tracker — all 82 assignments with codes and dates. The two yellow columns are yours to fill in; Status follows today's date.
A9: Standards — every benchmark in the year: its wording and limits, the days that teach it, the review days, its points on each unit test, and its IXL skills.
A10: Unit tests — every test date, the PM windows, and a question-by-question map (benchmark and points) for each built test.
A11: Month calendar — a printable grid, one month per page.
A12: Vocabulary — every term and definition, by lesson.
A13: Units, Units 1–2 decks — unit-level documents, and the lesson decks for Units 1 and 2.
... A26: Generated by tools/master_sheet.py (live Google Drive links) at commit 972a435e on 16 October 2026, from the calendar table, the IXL due-date sheet, the Source of Truth (benchmark wording), Florida's B.E.S.T. standards (MTR titles), the Math Nation table of contents, the lesson and unit specs, and the package folders. The plan is edited in scope_calendar.py; this file is never edited by hand — except the yellow cells in the IXL tracker, which are yours.

Sheet Links
A1: Date | B1: Slides (PDF) | C1: Slides (PowerPoint) | D1: Teacher Edition | E1: Lesson Plan | F1: Question Bank | G1: Bank key | H1: Bank – Additional | I1: Additional key | J1: Independent Set | K1: Independent key | L1: Unit folder | M1: Everything for this lesson | O1: Where | P1: Reads | Q1: Opens
A2: 46288 | B2: =IFERROR("https://drive.google.com/file/d/"&VLOOKUP("kca740ef532ea",Drive!$A:$B,2,0)&"/view","https://drive.google.com/drive/search?q=title:%22A7%203.01%20Product%20Laws%20of%20Exponents%20-%20Slides.pdf%22") -> https://drive.google.com/drive/search?q=title:%22A7%203.01%20Product%20Laws%20of%20Exponents%20-%20Slides.pdf%22 | C2: =IFERROR("https://drive.google.com/file/d/"&VLOOKUP("k755f4b21301d",Drive!$A:$B,2,0)&"/view","https://drive.google.com/drive/search?q=title:%22A7%203.01%20Product%20Laws%20of%20Exponents%20-%20Slides.pptx%22") -> https://drive.google.com/drive/search?q=title:%22A7%203.01%20Product%20Laws%20of%20Exponents%20-%20Slides.pptx%22 | D2: =IFERROR("https://drive.google.com/file/d/"&VLOOKUP("k9fd6930d9f8c",Drive!$A:$B,2,0)&"/view","https://drive.google.com/drive/search?q=title:%22A7%203.01%20Product%20Laws%20of%20Exponents%20-%20Teacher%20Edition.pdf%22") -> https://drive.google.com/drive/search?q=title:%22A7%203.01%20Product%20Laws%20of%20Exponents%20-%20Teacher%20Edition.pdf%22 | E2: =IFERROR("https://drive.google.com/file/d/"&VLOOKUP("k1f39d9702bb1",Drive!$A:$B,2,0)&"/view","https://drive.google.com/drive/search?q=title:%22A7%203.01%20Product%20Laws%20of%20Exponents%20-%20Lesson%20Plan.pdf%22") -> https://drive.google.com/drive/search?q=title:%22A7%203.01%20Product%20Laws%20of%20Exponents%20-%20Lesson%20Plan.pdf%22 | F2: =IFERROR("https://drive.google.com/file/d/"&VLOOKUP("ka10984278283",Drive!$A:$B,2,0)&"/view","https://drive.google.com/drive/search?q=title:%22A7%203.01%20Product%20Laws%20of%20Exponents%20-%20Question%20Bank.pdf%22") -> https://drive.google.com/drive/search?q=title:%22A7%203.01%20Product%20Laws%20of%20Exponents%20-%20Question%20Bank.pdf%22 | G2: =IFERROR("https://drive.google.com/file/d/"&VLOOKUP("k5e8318edfc68",Drive!$A:$B,2,0)&"/view","https://drive.google.com/drive/search?q=title:%22A7%203.01%20Product%20Laws%20of%20Exponents%20-%20Question%20Bank%20-%20Key.pdf%22") -> https://drive.google.com/drive/search?q=title:%22A7%203.01%20Product%20Laws%20of%20Exponents%20-%20Question%20Bank%20-%20Key.pdf%22 | H2: =IFERROR("https://drive.google.com/file/d/"&VLOOKUP("ke3b0918a2db1",Drive!$A:$B,2,0)&"/view","https://drive.google.com/drive/search?q=title:%22A7%203.01%20Product%20Laws%20of%20Exponents%20-%20Additional%20Question%20Bank.pdf%22") -> https://drive.google.com/drive/search?q=title:%22A7%203.01%20Product%20Laws%20of%20Exponents%20-%20Additional%20Question%20Bank.pdf%22 | I2: =IFERROR("https://drive.google.com/file/d/"&VLOOKUP("kc204efefa696",Drive!$A:$B,2,0)&"/view","https://drive.google.com/drive/search?q=title:%22A7%203.01%20Product%20Laws%20of%20Exponents%20-%20Additional%20Question%20Bank%20-%20Key.pdf%22") -> https://drive.google.com/drive/search?q=title:%22A7%203.01%20Product%20Laws%20of%20Exponents%20-%20Additional%20Question%20Bank%20-%20Key.pdf%22 | J2: =IFERROR("https://drive.google.com/file/d/"&VLOOKUP("k900034b5c427",Drive!$A:$B,2,0)&"/view","https://drive.google.com/drive/search?q=title:%22A7%203.01%20Product%20Laws%20of%20Exponents%20-%20Independent%20Set.pdf%22") -> https://drive.google.com/drive/search?q=title:%22A7%203.01%20Product%20Laws%20of%20Exponents%20-%20Independent%20Set.pdf%22 | K2: =IFERROR("https://drive.google.com/file/d/"&VLOOKUP("kfc989677154a",Drive!$A:$B,2,0)&"/view","https://drive.google.com/drive/search?q=title:%22A7%203.01%20Product%20Laws%20of%20Exponents%20-%20Independent%20Set%20-%20Key.pdf%22") -> https://drive.google.com/drive/search?q=title:%22A7%203.01%20Product%20Laws%20of%20Exponents%20-%20Independent%20Set%20-%20Key.pdf%22 | L2: =IFERROR("https://drive.google.com/drive/folders/"&VLOOKUP("kb8fed8266c53",Drive!$A:$B,2,0),"https://drive.google.com/drive/search?q=title:%22A7%20Unit%203%20-%20Exponents%20and%20Scientific%20Notation%22%20type:folder") -> https://drive.google.com/drive/search?q=title:%22A7%20Unit%203%20-%20Exponents%20and%20Scientific%20Notation%22%20type:folder | M2: https://drive.google.com/drive/search?q=title:%22A7%203.01%22 | O2: 'Unit tests'!E4 | P2: open | Q2: =IFERROR("https://drive.google.com/file/d/"&VLOOKUP("k999a58eef73f",Drive!$A:$B,2,0)&"/view","https://drive.google.com/drive/search?q=title:%22A7%20Unit%201%20Equations%20and%20Inequalities%20-%20Test.pdf%22") -> https://drive.google.com/drive/search?q=title:%22A7%20Unit%201%20Equations%20and%20Inequalities%20-%20Test.pdf%22
A3: 46289 | B3: =IFERROR("https://drive.google.com/file/d/"&VLOOKUP("k748004d6d4f2",Drive!$A:$B,2,0)&"/view","https://drive.google.com/drive/search?q=title:%22A7%203.02%20Quotient%20Laws%20of%20Exponents%20-%20Slides.pdf%22") -> https://drive.google.com/drive/search?q=title:%22A7%203.02%20Quotient%20Laws%20of%20Exponents%20-%20Slides.pdf%22 | C3: =IFERROR("https://drive.google.com/file/d/"&VLOOKUP("k06d6eea38238",Drive!$A:$B,2,0)&"/view","https://drive.google.com/drive/search?q=title:%22A7%203.02%20Quotient%20Laws%20of%20Exponents%20-%20Slides.pptx%22") -> https://drive.google.com/drive/search?q=title:%22A7%203.02%20Quotient%20Laws%20of%20Exponents%20-%20Slides.pptx%22 | D3: =IFERROR("https://drive.google.com/file/d/"&VLOOKUP("ke71051640668",Drive!$A:$B,2,0)&"/view","https://drive.google.com/drive/search?q=title:%22A7%203.02%20Quotient%20Laws%20of%20Exponents%20-%20Teacher%20Edition.pdf%22") -> https://drive.google.com/drive/search?q=title:%22A7%203.02%20Quotient%20Laws%20of%20Exponents%20-%20Teacher%20Edition.pdf%22 | E3: =IFERROR("https://drive.google.com/file/d/"&VLOOKUP("k4f080c02f3d9",Drive!$A:$B,2,0)&"/view","https://drive.google.com/drive/search?q=title:%22A7%203.02%20Quotient%20Laws%20of%20Exponents%20-%20Lesson%20Plan.pdf%22") -> https://drive.google.com/drive/search?q=title:%22A7%203.02%20Quotient%20Laws%20of%20Exponents%20-%20Lesson%20Plan.pdf%22 | F3: =IFERROR("https://drive.google.com/file/d/"&VLOOKUP("ke25b44d5ce7b",Drive!$A:$B,2,0)&"/view","https://drive.google.com/drive/search?q=title:%22A7%203.02%20Quotient%20Laws%20of%20Exponents%20-%20Question%20Bank.pdf%22") -> https://drive.google.com/drive/search?q=title:%22A7%203.02%20Quotient%20Laws%20of%20Exponents%20-%20Question%20Bank.pdf%22 | G3: =IFERROR("https://drive.google.com/file/d/"&VLOOKUP("k1b2f17db5cd8",Drive!$A:$B,2,0)&"/view","https://drive.google.com/drive/search?q=title:%22A7%203.02%20Quotient%20Laws%20of%20Exponents%20-%20Question%20Bank%20-%20Key.pdf%22") -> https://drive.google.com/drive/search?q=title:%22A7%203.02%20Quotient%20Laws%20of%20Exponents%20-%20Question%20Bank%20-%20Key.pdf%22 | H3: =IFERROR("https://drive.google.com/file/d/"&VLOOKUP("k3c5c58f8bc5d",Drive!$A:$B,2,0)&"/view","https://drive.google.com/drive/search?q=title:%22A7%203.02%20Quotient%20Laws%20of%20Exponents%20-%20Additional%20Question%20Bank.pdf%22") -> https://drive.google.com/drive/search?q=title:%22A7%203.02%20Quotient%20Laws%20of%20Exponents%20-%20Additional%20Question%20Bank.pdf%22 | I3: =IFERROR("https://drive.google.com/file/d/"&VLOOKUP("k2290f45043c5",Drive!$A:$B,2,0)&"/view","https://drive.google.com/drive/search?q=title:%22A7%203.02%20Quotient%20Laws%20of%20Exponents%20-%20Additional%20Question%20Bank%20-%20Key.pdf%22") -> https://drive.google.com/drive/search?q=title:%22A7%203.02%20Quotient%20Laws%20of%20Exponents%20-%20Additional%20Question%20Bank%20-%20Key.pdf%22 | J3: =IFERROR("https://drive.google.com/file/d/"&VLOOKUP("kbe80ae93ad85",Drive!$A:$B,2,0)&"/view","https://drive.google.com/drive/search?q=title:%22A7%203.02%20Quotient%20Laws%20of%20Exponents%20-%20Independent%20Set.pdf%22") -> https://drive.google.com/drive/search?q=title:%22A7%203.02%20Quotient%20Laws%20of%20Exponents%20-%20Independent%20Set.pdf%22 | K3: =IFERROR("https://drive.google.com/file/d/"&VLOOKUP("kea8e012c5dc9",Drive!$A:$B,2,0)&"/view","https://drive.google.com/drive/search?q=title:%22A7%203.02%20Quotient%20Laws%20of%20Exponents%20-%20Independent%20Set%20-%20Key.pdf%22") -> https://drive.google.com/drive/search?q=title:%22A7%203.02%20Quotient%20Laws%20of%20Exponents%20-%20Independent%20Set%20-%20Key.pdf%22 | L3: =IFERROR("https://drive.google.com/drive/folders/"&VLOOKUP("kb8fed8266c53",Drive!$A:$B,2,0),"https://drive.google.com/drive/search?q=title:%22A7%20Unit%203%20-%20Exponents%20and%20Scientific%20Notation%22%20type:folder") -> https://drive.google.com/drive/search?q=title:%22A7%20Unit%203%20-%20Exponents%20and%20Scientific%20Notation%22%20type:folder | M3: https://drive.google.com/drive/search?q=title:%22A7%203.02%22 | O3: 'Unit tests'!F4 | P3: open | Q3: =IFERROR("https://drive.google.com/file/d/"&VLOOKUP("k6b0883f744a4",Drive!$A:$B,2,0)&"/view","https://drive.google.com/drive/search?q=title:%22A7%20Unit%201%20Equations%20and%20Inequalities%20-%20Test%20-%20Key.pdf%22") -> https://drive.google.com/drive/search?q=title:%22A7%20Unit%201%20Equations%20and%20Inequalities%20-%20Test%20-%20Key.pdf%22
A4: 46290 | B4: =IFERROR("https://drive.google.com/file/d/"&VLOOKUP("kc90423d940c0",Drive!$A:$B,2,0)&"/view","https://drive.google.com/drive/search?q=title:%22A7%203.03%20Exponential%20Expressions%20-%20Slides.pdf%22") -> https://drive.google.com/drive/search?q=title:%22A7%203.03%20Exponential%20Expressions%20-%20Slides.pdf%22 | C4: =IFERROR("https://drive.google.com/file/d/"&VLOOKUP("k4eea9ff73989",Drive!$A:$B,2,0)&"/view","https://drive.google.com/drive/search?q=title:%22A7%203.03%20Exponential%20Expressions%20-%20Slides.pptx%22") -> https://drive.google.com/drive/search?q=title:%22A7%203.03%20Exponential%20Expressions%20-%20Slides.pptx%22 | D4: =IFERROR("https://drive.google.com/file/d/"&VLOOKUP("kf9b1902bcfb2",Drive!$A:$B,2,0)&"/view","https://drive.google.com/drive/search?q=title:%22A7%203.03%20Exponential%20Expressions%20-%20Teacher%20Edition.pdf%22") -> https://drive.google.com/drive/search?q=title:%22A7%203.03%20Exponential%20Expressions%20-%20Teacher%20Edition.pdf%22 | E4: =IFERROR("https://drive.google.com/file/d/"&VLOOKUP("k6a7e07901a9b",Drive!$A:$B,2,0)&"/view","https://drive.google.com/drive/search?q=title:%22A7%203.03%20Exponential%20Expressions%20-%20Lesson%20Plan.pdf%22") -> https://drive.google.com/drive/search?q=title:%22A7%203.03%20Exponential%20Expressions%20-%20Lesson%20Plan.pdf%22 | F4: =IFERROR("https://drive.google.com/file/d/"&VLOOKUP("k20464f5bd850",Drive!$A:$B,2,0)&"/view","https://drive.google.com/drive/search?q=title:%22A7%203.03%20Exponential%20Expressions%20-%20Question%20Bank.pdf%22") -> https://drive.google.com/drive/search?q=title:%22A7%203.03%20Exponential%20Expressions%20-%20Question%20Bank.pdf%22 | G4: =IFERROR("https://drive.google.com/file/d/"&VLOOKUP("k426ae72c89e1",Drive!$A:$B,2,0)&"/view","https://drive.google.com/drive/search?q=title:%22A7%203.03%20Exponential%20Expressions%20-%20Question%20Bank%20-%20Key.pdf%22") -> https://drive.google.com/drive/search?q=title:%22A7%203.03%20Exponential%20Expressions%20-%20Question%20Bank%20-%20Key.pdf%22 | H4: =IFERROR("https://drive.google.com/file/d/"&VLOOKUP("k5e05f82d74eb",Drive!$A:$B,2,0)&"/view","https://drive.google.com/drive/search?q=title:%22A7%203.03%20Exponential%20Expressions%20-%20Additional%20Question%20Bank.pdf%22") -> https://drive.google.com/drive/search?q=title:%22A7%203.03%20Exponential%20Expressions%20-%20Additional%20Question%20Bank.pdf%22 | I4: =IFERROR("https://drive.google.com/file/d/"&VLOOKUP("kaef37870b383",Drive!$A:$B,2,0)&"/view","https://drive.google.com/drive/search?q=title:%22A7%203.03%20Exponential%20Expressions%20-%20Additional%20Question%20Bank%20-%20Key.pdf%22") -> https://drive.google.com/drive/search?q=title:%22A7%203.03%20Exponential%20Expressions%20-%20Additional%20Question%20Bank%20-%20Key.pdf%22 | J4: =IFERROR("https://drive.google.com/file/d/"&VLOOKUP("k5b39554e8817",Drive!$A:$B,2,0)&"/view","https://drive.google.com/drive/search?q=title:%22A7%203.03%20Exponential%20Expressions%20-%20Independent%20Set.pdf%22") -> https://drive.google.com/drive/search?q=title:%22A7%203.03%20Exponential%20Expressions%20-%20Independent%20Set.pdf%22 | K4: =IFERROR("https://drive.google.com/file/d/"&VLOOKUP("k7f38f36eaf86",Drive!$A:$B,2,0)&"/view","https://drive.google.com/drive/search?q=title:%22A7%203.03%20Exponential%20Expressions%20-%20Independent%20Set%20-%20Key.pdf%22") -> https://drive.google.com/drive/search?q=title:%22A7%203.03%20Exponential%20Expressions%20-%20Independent%20Set%20-%20Key.pdf%22 | L4: =IFERROR("https://drive.google.com/drive/folders/"&VLOOKUP("kb8fed8266c53",Drive!$A:$B,2,0),"https://drive.google.com/drive/search?q=title:%22A7%20Unit%203%20-%20Exponents%20and%20Scientific%20Notation%22%20type:folder") -> https://drive.google.com/drive/search?q=title:%22A7%20Unit%203%20-%20Exponents%20and%20Scientific%20Notation%22%20type:folder | M4: https://drive.google.com/drive/search?q=title:%22A7%203.03%22 | O4: 'Unit tests'!G4 | P4: open | Q4: =IFERROR("https://drive.google.com/file/d/"&VLOOKUP("k4e34d1ba5135",Drive!$A:$B,2,0)&"/view","https://drive.google.com/drive/search?q=title:%22A7%20Unit%201%20Equations%20and%20Inequalities%20-%20Review.pdf%22") -> https://drive.google.com/drive/search?q=title:%22A7%20Unit%201%20Equations%20and%20Inequalities%20-%20Review.pdf%22
A5: 46293 | B5: =IFERROR("https://drive.google.com/file/d/"&VLOOKUP("k6a4a44fa7229",Drive!$A:$B,2,0)&"/view","https://drive.google.com/drive/search?q=title:%22A7%203.04%20Negative%20Exponent%20Law%20-%20Slides.pdf%22") -> https://drive.google.com/drive/search?q=title:%22A7%203.04%20Negative%20Exponent%20Law%20-%20Slides.pdf%22 | C5: =IFERROR("https://drive.google.com/file/d/"&VLOOKUP("k33620394314f",Drive!$A:$B,2,0)&"/view","https://drive.google.com/drive/search?q=title:%22A7%203.04%20Negative%20Exponent%20Law%20-%20Slides.pptx%22") -> https://drive.google.com/drive/search?q=title:%22A7%203.04%20Negative%20Exponent%20Law%20-%20Slides.pptx%22 | D5: =IFERROR("https://drive.google.com/file/d/"&VLOOKUP("kbe6e6ca3ceb1",Drive!$A:$B,2,0)&"/view","https://drive.google.com/drive/search?q=title:%22A7%203.04%20Negative%20Exponent%20Law%20-%20Teacher%20Edition.pdf%22") -> https://drive.google.com/drive/search?q=title:%22A7%203.04%20Negative%20Exponent%20Law%20-%20Teacher%20Edition.pdf%22 | E5: =IFERROR("https://drive.google.com/file/d/"&VLOOKUP("ke1cfad9a36ee",Drive!$A:$B,2,0)&"/view","https://drive.google.com/drive/search?q=title:%22A7%203.04%20Negative%20Exponent%20Law%20-%20Lesson%20Plan.pdf%22") -> https://drive.google.com/drive/search?q=title:%22A7%203.04%20Negative%20Exponent%20Law%20-%20Lesson%20Plan.pdf%22 | F5: =IFERROR("https://drive.google.com/file/d/"&VLOOKUP("ka5fdacc4d9bf",Drive!$A:$B,2,0)&"/view","https://drive.google.com/drive/search?q=title:%22A7%203.04%20Negative%20Exponent%20Law%20-%20Question%20Bank.pdf%22") -> https://drive.google.com/drive/search?q=title:%22A7%203.04%20Negative%20Exponent%20Law%20-%20Question%20Bank.pdf%22 | G5: =IFERROR("https://drive.google.com/file/d/"&VLOOKUP("k138d173c1a14",Drive!$A:$B,2,0)&"/view","https://drive.google.com/drive/search?q=title:%22A7%203.04%20Negative%20Exponent%20Law%20-%20Question%20Bank%20-%20Key.pdf%22") -> https://drive.google.com/drive/search?q=title:%22A7%203.04%20Negative%20Exponent%20Law%20-%20Question%20Bank%20-%20Key.pdf%22 | H5: =IFERROR("https://drive.google.com/file/d/"&VLOOKUP("k166bced96248",Drive!$A:$B,2,0)&"/view","https://drive.google.com/drive/search?q=title:%22A7%203.04%20Negative%20Exponent%20Law%20-%20Additional%20Question%20Bank.pdf%22") -> https://drive.google.com/drive/search?q=title:%22A7%203.04%20Negative%20Exponent%20Law%20-%20Additional%20Question%20Bank.pdf%22 | I5: =IFERROR("https://drive.google.com/file/d/"&VLOOKUP("k76d606271ec0",Drive!$A:$B,2,0)&"/view","https://drive.google.com/drive/search?q=title:%22A7%203.04%20Negative%20Exponent%20Law%20-%20Additional%20Question%20Bank%20-%20Key.pdf%22") -> https://drive.google.com/drive/search?q=title:%22A7%203.04%20Negative%20Exponent%20Law%20-%20Additional%20Question%20Bank%20-%20Key.pdf%22 | J5: =IFERROR("https://drive.google.com/file/d/"&VLOOKUP("kb5d50b9e6f2e",Drive!$A:$B,2,0)&"/view","https://drive.google.com/drive/search?q=title:%22A7%203.04%20Negative%20Exponent%20Law%20-%20Independent%20Set.pdf%22") -> https://drive.google.com/drive/search?q=title:%22A7%203.04%20Negative%20Exponent%20Law%20-%20Independent%20Set.pdf%22 | K5: =IFERROR("https://drive.google.com/file/d/"&VLOOKUP("k4bd9a3c0be3e",Drive!$A:$B,2,0)&"/view","https://drive.google.com/drive/search?q=title:%22A7%203.04%20Negative%20Exponent%20Law%20-%20Independent%20Set%20-%20Key.pdf%22") -> https://drive.google.com/drive/search?q=title:%22A7%203.04%20Negative%20Exponent%20Law%20-%20Independent%20Set%20-%20Key.pdf%22 | L5: =IFERROR("https://drive.google.com/drive/folders/"&VLOOKUP("kb8fed8266c53",Drive!$A:$B,2,0),"https://drive.google.com/drive/search?q=title:%22A7%20Unit%203%20-%20Exponents%20and%20Scientific%20Notation%22%20type:folder") -> https://drive.google.com/drive/search?q=title:%22A7%20Unit%203%20-%20Exponents%20and%20Scientific%20Notation%22%20type:folder | M5: https://drive.google.com/drive/search?q=title:%22A7%203.04%22 | O5: 'Unit tests'!H4 | P5: open | Q5: =IFERROR("https://drive.google.com/file/d/"&VLOOKUP("k654621d73a39",Drive!$A:$B,2,0)&"/view","https://drive.google.com/drive/search?q=title:%22A7%20Unit%201%20Equations%20and%20Inequalities%20-%20Review%20-%20Key.pdf%22") -> https://drive.google.com/drive/search?q=title:%22A7%20Unit%201%20Equations%20and%20Inequalities%20-%20Review%20-%20Key.pdf%22
A6: 46294 | B6: =IFERROR("https://drive.google.com/file/d/"&VLOOKUP("k7490a741d736",Drive!$A:$B,2,0)&"/view","https://drive.google.com/drive/search?q=title:%22A7%203.05%20Applying%20Exponent%20Laws%20-%20Slides.pdf%22") -> https://drive.google.com/drive/search?q=title:%22A7%203.05%20Applying%20Exponent%20Laws%20-%20Slides.pdf%22 | C6: =IFERROR("https://drive.google.com/file/d/"&VLOOKUP("kdb2d4c07cbe6",Drive!$A:$B,2,0)&"/view","https://drive.google.com/drive/search?q=title:%22A7%203.05%20Applying%20Exponent%20Laws%20-%20Slides.pptx%22") -> https://drive.google.com/drive/search?q=title:%22A7%203.05%20Applying%20Exponent%20Laws%20-%20Slides.pptx%22 | D6: =IFERROR("https://drive.google.com/file/d/"&VLOOKUP("k386f51762fa1",Drive!$A:$B,2,0)&"/view","https://drive.google.com/drive/search?q=title:%22A7%203.05%20Applying%20Exponent%20Laws%20-%20Teacher%20Edition.pdf%22") -> https://drive.google.com/drive/search?q=title:%22A7%203.05%20Applying%20Exponent%20Laws%20-%20Teacher%20Edition.pdf%22 | E6: =IFERROR("https://drive.google.com/file/d/"&VLOOKUP("kaaec03a81c48",Drive!$A:$B,2,0)&"/view","https://drive.google.com/drive/search?q=title:%22A7%203.05%20Applying%20Exponent%20Laws%20-%20Lesson%20Plan.pdf%22") -> https://drive.google.com/drive/search?q=title:%22A7%203.05%20Applying%20Exponent%20Laws%20-%20Lesson%20Plan.pdf%22 | F6: =IFERROR("https://drive.google.com/file/d/"&VLOOKUP("k26691f41d518",Drive!$A:$B,2,0)&"/view","https://drive.google.com/drive/search?q=title:%22A7%203.05%20Applying%20Exponent%20Laws%20-%20Question%20Bank.pdf%22") -> https://drive.google.com/drive/search?q=title:%22A7%203.05%20Applying%20Exponent%20Laws%20-%20Question%20Bank.pdf%22 | G6: =IFERROR("https://drive.google.com/file/d/"&VLOOKUP("k128638d4aa54",Drive!$A:$B,2,0)&"/view","https://drive.google.com/drive/search?q=title:%22A7%203.05%20Applying%20Exponent%20Laws%20-%20Question%20Bank%20-%20Key.pdf%22") -> https://drive.google.com/drive/search?q=title:%22A7%203.05%20Applying%20Exponent%20Laws%20-%20Question%20Bank%20-%20Key.pdf%22 | H6: =IFERROR("https://drive.google.com/file/d/"&VLOOKUP("k11e208207f67",Drive!$A:$B,2,0)&"/view","https://drive.google.com/drive/search?q=title:%22A7%203.05%20Applying%20Exponent%20Laws%20-%20Additional%20Question%20Bank.pdf%22") -> https://drive.google.com/drive/search?q=title:%22A7%203.05%20Applying%20Exponent%20Laws%20-%20Additional%20Question%20Bank.pdf%22 | I6: =IFERROR("https://drive.google.com/file/d/"&VLOOKUP("kc32e555fe895",Drive!$A:$B,2,0)&"/view","https://drive.google.com/drive/search?q=title:%22A7%203.05%20Applying%20Exponent%20Laws%20-%20Additional%20Question%20Bank%20-%20Key.pdf%22") -> https://drive.google.com/drive/search?q=title:%22A7%203.05%20Applying%20Exponent%20Laws%20-%20Additional%20Question%20Bank%20-%20Key.pdf%22 | J6: =IFERROR("https://drive.google.com/file/d/"&VLOOKUP("kb0e185f9e2d1",Drive!$A:$B,2,0)&"/view","https://drive.google.com/drive/search?q=title:%22A7%203.05%20Applying%20Exponent%20Laws%20-%20Independent%20Set.pdf%22") -> https://drive.google.com/drive/search?q=title:%22A7%203.05%20Applying%20Exponent%20Laws%20-%20Independent%20Set.pdf%22 | K6: =IFERROR("https://drive.google.com/file/d/"&VLOOKUP("kabfed14e4e2c",Drive!$A:$B,2,0)&"/view","https://drive.google.com/drive/search?q=title:%22A7%203.05%20Applying%20Exponent%20Laws%20-%20Independent%20Set%20-%20Key.pdf%22") -> https://drive.google.com/drive/search?q=title:%22A7%203.05%20Applying%20Exponent%20Laws%20-%20Independent%20Set%20-%20Key.pdf%22 | L6: =IFERROR("https://drive.google.com/drive/folders/"&VLOOKUP("kb8fed8266c53",Drive!$A:$B,2,0),"https://drive.google.com/drive/search?q=title:%22A7%20Unit%203%20-%20Exponents%20and%20Scientific%20Notation%22%20type:folder") -> https://drive.google.com/drive/search?q=title:%22A7%20Unit%203%20-%20Exponents%20and%20Scientific%20Notation%22%20type:folder | M6: https://drive.google.com/drive/search?q=title:%22A7%203.05%22 | O6: 'Unit tests'!I4 | P6: open | Q6: =IFERROR("https://drive.google.com/file/d/"&VLOOKUP("k05aafdefef87",Drive!$A:$B,2,0)&"/view","https://drive.google.com/drive/search?q=title:%22A7%20Unit%201%20Equations%20and%20Inequalities%20-%20Reference%20Sheet.pdf%22") -> https://drive.google.com/drive/search?q=title:%22A7%20Unit%201%20Equations%20and%20Inequalities%20-%20Reference%20Sheet.pdf%22
A7: 46295 | B7: =IFERROR("https://drive.google.com/file/d/"&VLOOKUP("ke2ca304fa0cb",Drive!$A:$B,2,0)&"/view","https://drive.google.com/drive/search?q=title:%22A7%203.06%20Evaluating%20and%20Equivalent%20Expressions%20-%20Slides.pdf%22") -> https://drive.google.com/drive/search?q=title:%22A7%203.06%20Evaluating%20and%20Equivalent%20Expressions%20-%20Slides.pdf%22 | C7: =IFERROR("https://drive.google.com/file/d/"&VLOOKUP("k31a025fed775",Drive!$A:$B,2,0)&"/view","https://drive.google.com/drive/search?q=title:%22A7%203.06%20Evaluating%20and%20Equivalent%20Expressions%20-%20Slides.pptx%22") -> https://drive.google.com/drive/search?q=title:%22A7%203.06%20Evaluating%20and%20Equivalent%20Expressions%20-%20Slides.pptx%22 | D7: =IFERROR("https://drive.google.com/file/d/"&VLOOKUP("k9e8574958f00",Drive!$A:$B,2,0)&"/view","https://drive.google.com/drive/search?q=title:%22A7%203.06%20Evaluating%20and%20Equivalent%20Expressions%20-%20Teacher%20Edition.pdf%22") -> https://drive.google.com/drive/search?q=title:%22A7%203.06%20Evaluating%20and%20Equivalent%20Expressions%20-%20Teacher%20Edition.pdf%22 | E7: =IFERROR("https://drive.google.com/file/d/"&VLOOKUP("kd615fd97b74b",Drive!$A:$B,2,0)&"/view","https://drive.google.com/drive/search?q=title:%22A7%203.06%20Evaluating%20and%20Equivalent%20Expressions%20-%20Lesson%20Plan.pdf%22") -> https://drive.google.com/drive/search?q=title:%22A7%203.06%20Evaluating%20and%20Equivalent%20Expressions%20-%20Lesson%20Plan.pdf%22 | F7: =IFERROR("https://drive.google.com/file/d/"&VLOOKUP("kb517b11263d5",Drive!$A:$B,2,0)&"/view","https://drive.google.com/drive/search?q=title:%22A7%203.06%20Evaluating%20and%20Equivalent%20Expressions%20-%20Question%20Bank.pdf%22") -> https://drive.google.com/drive/search?q=title:%22A7%203.06%20Evaluating%20and%20Equivalent%20Expressions%20-%20Question%20Bank.pdf%22 | G7: =IFERROR("https://drive.google.com/file/d/"&VLOOKUP("k1f0d6465ec94",Drive!$A:$B,2,0)&"/view","https://drive.google.com/drive/search?q=title:%22A7%203.06%20Evaluating%20and%20Equivalent%20Expressions%20-%20Question%20Bank%20-%20Key.pdf%22") -> https://drive.google.com/drive/search?q=title:%22A7%203.06%20Evaluating%20and%20Equivalent%20Expressions%20-%20Question%20Bank%20-%20Key.pdf%22 | H7: =IFERROR("https://drive.google.com/file/d/"&VLOOKUP("k9261bb533475",Drive!$A:$B,2,0)&"/view","https://drive.google.com/drive/search?q=title:%22A7%203.06%20Evaluating%20and%20Equivalent%20Expressions%20-%20Additional%20Question%20Bank.pdf%22") -> https://drive.google.com/drive/search?q=title:%22A7%203.06%20Evaluating%20and%20Equivalent%20Expressions%20-%20Additional%20Question%20Bank.pdf%22 | I7: =IFERROR("https://drive.google.com/file/d/"&VLOOKUP("kfa79a8d7332f",Drive!$A:$B,2,0)&"/view","https://drive.google.com/drive/search?q=title:%22A7%203.06%20Evaluating%20and%20Equivalent%20Expressions%20-%20Additional%20Question%20Bank%20-%20Key.pdf%22") -> https://drive.google.com/drive/search?q=title:%22A7%203.06%20Evaluating%20and%20Equivalent%20Expressions%20-%20Additional%20Question%20Bank%20-%20Key.pdf%22 | J7: =IFERROR("https://drive.google.com/file/d/"&VLOOKUP("k2a61c80ca47e",Drive!$A:$B,2,0)&"/view","https://drive.google.com/drive/search?q=title:%22A7%203.06%20Evaluating%20and%20Equivalent%20Expressions%20-%20Independent%20Set.pdf%22") -> https://drive.google.com/drive/search?q=title:%22A7%203.06%20Evaluating%20and%20Equivalent%20Expressions%20-%20Independent%20Set.pdf%22 | K7: =IFERROR("https://drive.google.com/file/d/"&VLOOKUP("k982118abeb06",Drive!$A:$B,2,0)&"/view","https://drive.google.com/drive/search?q=title:%22A7%203.06%20Evaluating%20and%20Equivalent%20Expressions%20-%20Independent%20Set%20-%20Key.pdf%22") -> https://drive.google.com/drive/search?q=title:%22A7%203.06%20Evaluating%20and%20Equivalent%20Expressions%20-%20Independent%20Set%20-%20Key.pdf%22 | L7: =IFERROR("https://drive.google.com/drive/folders/"&VLOOKUP("kb8fed8266c53",Drive!$A:$B,2,0),"https://drive.google.com/drive/search?q=title:%22A7%20Unit%203%20-%20Exponents%20and%20Scientific%20Notation%22%20type:folder") -> https://drive.google.com/drive/search?q=title:%22A7%20Unit%203%20-%20Exponents%20and%20Scientific%20Notation%22%20type:folder | M7: https://drive.google.com/drive/search?q=title:%22A7%203.06%22 | O7: 'Unit tests'!E5 | P7: open | Q7: =IFERROR("https://drive.google.com/file/d/"&VLOOKUP("k0fe1632a0900",Drive!$A:$B,2,0)&"/view","https://drive.google.com/drive/search?q=title:%22A7%20Unit%202%20Real%20Numbers%2C%20Square%20Roots%20and%20Cube%20Roots%20-%20Test.pdf%22") -> https://drive.google.com/drive/search?q=title:%22A7%20Unit%202%20Real%20Numbers%2C%20Square%20Roots%20and%20Cube%20Roots%20-%20Test.pdf%22
A8: 46296 | L8: =IFERROR("https://drive.google.com/drive/folders/"&VLOOKUP("kb8fed8266c53",Drive!$A:$B,2,0),"https://drive.google.com/drive/search?q=title:%22A7%20Unit%203%20-%20Exponents%20and%20Scientific%20Notation%22%20type:folder") -> https://drive.google.com/drive/search?q=title:%22A7%20Unit%203%20-%20Exponents%20and%20Scientific%20Notation%22%20type:folder | O8: 'Unit tests'!F5 | P8: open | Q8: =IFERROR("https://drive.google.com/file/d/"&VLOOKUP("kadb8b2686141",Drive!$A:$B,2,0)&"/view","https://drive.google.com/drive/search?q=title:%22A7%20Unit%202%20Real%20Numbers%2C%20Square%20Roots%20and%20Cube%20Roots%20-%20Test%20-%20Key.pdf%22") -> https://drive.google.com/drive/search?q=title:%22A7%20Unit%202%20Real%20Numbers%2C%20Square%20Roots%20and%20Cube%20Roots%20-%20Test%20-%20Key.pdf%22
A9: 46297 | L9: =IFERROR("https://drive.google.com/drive/folders/"&VLOOKUP("kb8fed8266c53",Drive!$A:$B,2,0),"https://drive.google.com/drive/search?q=title:%22A7%20Unit%203%20-%20Exponents%20and%20Scientific%20Notation%22%20type:folder") -> https://drive.google.com/drive/search?q=title:%22A7%20Unit%203%20-%20Exponents%20and%20Scientific%20Notation%22%20type:folder | O9: 'Unit tests'!G5 | P9: open | Q9: =IFERROR("https://drive.google.com/file/d/"&VLOOKUP("k4c613b2b0958",Drive!$A:$B,2,0)&"/view","https://drive.google.com/drive/search?q=title:%22A7%20Unit%202%20Real%20Numbers%2C%20Square%20Roots%20and%20Cube%20Roots%20-%20Review.pdf%22") -> https://drive.google.com/drive/search?q=title:%22A7%20Unit%202%20Real%20Numbers%2C%20Square%20Roots%20and%20Cube%20Roots%20-%20Review.pdf%22
A10: 46300 | B10: =IFERROR("https://drive.google.com/file/d/"&VLOOKUP("kfafe7e10ff02",Drive!$A:$B,2,0)&"/view","https://drive.google.com/drive/search?q=title:%22A7%203.T1%20Exponent%20Laws%20with%20Variable%20Bases%20-%20Slides.pdf%22") -> https://drive.google.com/drive/search?q=title:%22A7%203.T1%20Exponent%20Laws%20with%20Variable%20Bases%20-%20Slides.pdf%22 | C10: =IFERROR("https://drive.google.com/file/d/"&VLOOKUP("k89af96094f29",Drive!$A:$B,2,0)&"/view","https://drive.google.com/drive/search?q=title:%22A7%203.T1%20Exponent%20Laws%20with%20Variable%20Bases%20-%20Slides.pptx%22") -> https://drive.google.com/drive/search?q=title:%22A7%203.T1%20Exponent%20Laws%20with%20Variable%20Bases%20-%20Slides.pptx%22 | D10: =IFERROR("https://drive.google.com/file/d/"&VLOOKUP("k6f59ad605e85",Drive!$A:$B,2,0)&"/view","https://drive.google.com/drive/search?q=title:%22A7%203.T1%20Exponent%20Laws%20with%20Variable%20Bases%20-%20Teacher%20Edition.pdf%22") -> https://drive.google.com/drive/search?q=title:%22A7%203.T1%20Exponent%20Laws%20with%20Variable%20Bases%20-%20Teacher%20Edition.pdf%22 | E10: =IFERROR("https://drive.google.com/file/d/"&VLOOKUP("k66e2a1695f3b",Drive!$A:$B,2,0)&"/view","https://drive.google.com/drive/search?q=title:%22A7%203.T1%20Exponent%20Laws%20with%20Variable%20Bases%20-%20Lesson%20Plan.pdf%22") -> https://drive.google.com/drive/search?q=title:%22A7%203.T1%20Exponent%20Laws%20with%20Variable%20Bases%20-%20Lesson%20Plan.pdf%22 | F10: =IFERROR("https://drive.google.com/file/d/"&VLOOKUP("k9c9ab73e856a",Drive!$A:$B,2,0)&"/view","https://drive.google.com/drive/search?q=title:%22A7%203.T1%20Exponent%20Laws%20with%20Variable%20Bases%20-%20Question%20Bank.pdf%22") -> https://drive.google.com/drive/search?q=title:%22A7%203.T1%20Exponent%20Laws%20with%20Variable%20Bases%20-%20Question%20Bank.pdf%22 | G10: =IFERROR("https://drive.google.com/file/d/"&VLOOKUP("kda2b357388d7",Drive!$A:$B,2,0)&"/view","https://drive.google.com/drive/search?q=title:%22A7%203.T1%20Exponent%20Laws%20with%20Variable%20Bases%20-%20Question%20Bank%20-%20Key.pdf%22") -> https://drive.google.com/drive/search?q=title:%22A7%203.T1%20Exponent%20Laws%20with%20Variable%20Bases%20-%20Question%20Bank%20-%20Key.pdf%22 | H10: =IFERROR("https://drive.google.com/file/d/"&VLOOKUP("kd341aadb1b37",Drive!$A:$B,2,0)&"/view","https://drive.google.com/drive/search?q=title:%22A7%203.T1%20Exponent%20Laws%20with%20Variable%20Bases%20-%20Additional%20Question%20Bank.pdf%22") -> https://drive.google.com/drive/search?q=title:%22A7%203.T1%20Exponent%20Laws%20with%20Variable%20Bases%20-%20Additional%20Question%20Bank.pdf%22 | I10: =IFERROR("https://drive.google.com/file/d/"&VLOOKUP("k62640bd35936",Drive!$A:$B,2,0)&"/view","https://drive.google.com/drive/search?q=title:%22A7%203.T1%20Exponent%20Laws%20with%20Variable%20Bases%20-%20Additional%20Question%20Bank%20-%20Key.pdf%22") -> https://drive.google.com/drive/search?q=title:%22A7%203.T1%20Exponent%20Laws%20with%20Variable%20Bases%20-%20Additional%20Question%20Bank%20-%20Key.pdf%22 | J10: =IFERROR("https://drive.google.com/file/d/"&VLOOKUP("k121c3685548f",Drive!$A:$B,2,0)&"/view","https://drive.google.com/drive/search?q=title:%22A7%203.T1%20Exponent%20Laws%20with%20Variable%20Bases%20-%20Independent%20Set.pdf%22") -> https://drive.google.com/drive/search?q=title:%22A7%203.T1%20Exponent%20Laws%20with%20Variable%20Bases%20-%20Independent%20Set.pdf%22 | K10: =IFERROR("https://drive.google.com/file/d/"&VLOOKUP("k21fffe414593",Drive!$A:$B,2,0)&"/view","https://drive.google.com/drive/search?q=title:%22A7%203.T1%20Exponent%20Laws%20with%20Variable%20Bases%20-%20Independent%20Set%20-%20Key.pdf%22") -> https://drive.google.com/drive/search?q=title:%22A7%203.T1%20Exponent%20Laws%20with%20Variable%20Bases%20-%20Independent%20Set%20-%20Key.pdf%22 | L10: =IFERROR("https://drive.google.com/drive/folders/"&VLOOKUP("kb8fed8266c53",Drive!$A:$B,2,0),"https://drive.google.com/drive/search?q=title:%22A7%20Unit%203%20-%20Exponents%20and%20Scientific%20Notation%22%20type:folder") -> https://drive.google.com/drive/search?q=title:%22A7%20Unit%203%20-%20Exponents%20and%20Scientific%20Notation%22%20type:folder | M10: https://drive.google.com/drive/search?q=title:%22A7%203.T1%22 | O10: 'Unit tests'!H5 | P10: open | Q10: =IFERROR("https://drive.google.com/file/d/"&VLOOKUP("kd60a700332eb",Drive!$A:$B,2,0)&"/view","https://drive.google.com/drive/search?q=title:%22A7%20Unit%202%20Real%20Numbers%2C%20Square%20Roots%20and%20Cube%20Roots%20-%20Review%20-%20Key.pdf%22") -> https://drive.google.com/drive/search?q=title:%22A7%20Unit%202%20Real%20Numbers%2C%20Square%20Roots%20and%20Cube%20Roots%20-%20Review%20-%20Key.pdf%22
A11: 46301 | B11: =IFERROR("https://drive.google.com/file/d/"&VLOOKUP("k9155ed4816cc",Drive!$A:$B,2,0)&"/view","https://drive.google.com/drive/search?q=title:%22A7%203.T2%20Negative%20Exponents%20with%20Variable%20Bases%20-%20Slides.pdf%22") -> https://drive.google.com/drive/search?q=title:%22A7%203.T2%20Negative%20Exponents%20with%20Variable%20Bases%20-%20Slides.pdf%22 | C11: =IFERROR("https://drive.google.com/file/d/"&VLOOKUP("k98eb8af8a15c",Drive!$A:$B,2,0)&"/view","https://drive.google.com/drive/search?q=title:%22A7%203.T2%20Negative%20Exponents%20with%20Variable%20Bases%20-%20Slides.pptx%22") -> https://drive.google.com/drive/search?q=title:%22A7%203.T2%20Negative%20Exponents%20with%20Variable%20Bases%20-%20Slides.pptx%22 | D11: =IFERROR("https://drive.google.com/file/d/"&VLOOKUP("k47bb1c9f73c5",Drive!$A:$B,2,0)&"/view","https://drive.google.com/drive/search?q=title:%22A7%203.T2%20Negative%20Exponents%20with%20Variable%20Bases%20-%20Teacher%20Edition.pdf%22") -> https://drive.google.com/drive/search?q=title:%22A7%203.T2%20Negative%20Exponents%20with%20Variable%20Bases%20-%20Teacher%20Edition.pdf%22 | E11: =IFERROR("https://drive.google.com/file/d/"&VLOOKUP("k5c961c739532",Drive!$A:$B,2,0)&"/view","https://drive.google.com/drive/search?q=title:%22A7%203.T2%20Negative%20Exponents%20with%20Variable%20Bases%20-%20Lesson%20Plan.pdf%22") -> https://drive.google.com/drive/search?q=title:%22A7%203.T2%20Negative%20Exponents%20with%20Variable%20Bases%20-%20Lesson%20Plan.pdf%22 | F11: =IFERROR("https://drive.google.com/file/d/"&VLOOKUP("ke98ab4f6bb50",Drive!$A:$B,2,0)&"/view","https://drive.google.com/drive/search?q=title:%22A7%203.T2%20Negative%20Exponents%20with%20Variable%20Bases%20-%20Question%20Bank.pdf%22") -> https://drive.google.com/drive/search?q=title:%22A7%203.T2%20Negative%20Exponents%20with%20Variable%20Bases%20-%20Question%20Bank.pdf%22 | G11: =IFERROR("https://drive.google.com/file/d/"&VLOOKUP("kb685c9aa7fcc",Drive!$A:$B,2,0)&"/view","https://drive.google.com/drive/search?q=title:%22A7%203.T2%20Negative%20Exponents%20with%20Variable%20Bases%20-%20Question%20Bank%20-%20Key.pdf%22") -> https://drive.google.com/drive/search?q=title:%22A7%203.T2%20Negative%20Exponents%20with%20Variable%20Bases%20-%20Question%20Bank%20-%20Key.pdf%22 | H11: =IFERROR("https://drive.google.com/file/d/"&VLOOKUP("k2dae30ec0dcc",Drive!$A:$B,2,0)&"/view","https://drive.google.com/drive/search?q=title:%22A7%203.T2%20Negative%20Exponents%20with%20Variable%20Bases%20-%20Additional%20Question%20Bank.pdf%22") -> https://drive.google.com/drive/search?q=title:%22A7%203.T2%20Negative%20Exponents%20with%20Variable%20Bases%20-%20Additional%20Question%20Bank.pdf%22 | I11: =IFERROR("https://drive.google.com/file/d/"&VLOOKUP("k7f181c6809a8",Drive!$A:$B,2,0)&"/view","https://drive.google.com/drive/search?q=title:%22A7%203.T2%20Negative%20Exponents%20with%20Variable%20Bases%20-%20Additional%20Question%20Bank%20-%20Key.pdf%22") -> https://drive.google.com/drive/search?q=title:%22A7%203.T2%20Negative%20Exponents%20with%20Variable%20Bases%20-%20Additional%20Question%20Bank%20-%20Key.pdf%22 | J11: =IFERROR("https://drive.google.com/file/d/"&VLOOKUP("k145a96b3e686",Drive!$A:$B,2,0)&"/view","https://drive.google.com/drive/search?q=title:%22A7%203.T2%20Negative%20Exponents%20with%20Variable%20Bases%20-%20Independent%20Set.pdf%22") -> https://drive.google.com/drive/search?q=title:%22A7%203.T2%20Negative%20Exponents%20with%20Variable%20Bases%20-%20Independent%20Set.pdf%22 | K11: =IFERROR("https://drive.google.com/file/d/"&VLOOKUP("k6f71b7f33e48",Drive!$A:$B,2,0)&"/view","https://drive.google.com/drive/search?q=title:%22A7%203.T2%20Negative%20Exponents%20with%20Variable%20Bases%20-%20Independent%20Set%20-%20Key.pdf%22") -> https://drive.google.com/drive/search?q=title:%22A7%203.T2%20Negative%20Exponents%20with%20Variable%20Bases%20-%20Independent%20Set%20-%20Key.pdf%22 | L11: =IFERROR("https://drive.google.com/drive/folders/"&VLOOKUP("kb8fed8266c53",Drive!$A:$B,2,0),"https://drive.google.com/drive/search?q=title:%22A7%20Unit%203%20-%20Exponents%20and%20Scientific%20Notation%22%20type:folder") -> https://drive.google.com/drive/search?q=title:%22A7%20Unit%203%20-%20Exponents%20and%20Scientific%20Notation%22%20type:folder | M11: https://drive.google.com/drive/search?q=title:%22A7%203.T2%22 | O11: 'Unit tests'!I5 | P11: open | Q11: =IFERROR("https://drive.google.com/file/d/"&VLOOKUP("k509a716d7468",Drive!$A:$B,2,0)&"/view","https://drive.google.com/drive/search?q=title:%22A7%20Unit%202%20Real%20Numbers%2C%20Square%20Roots%20and%20Cube%20Roots%20-%20Reference%20Sheet.pdf%22") -> https://drive.google.com/drive/search?q=title:%22A7%20Unit%202%20Real%20Numbers%2C%20Square%20Roots%20and%20Cube%20Roots%20-%20Reference%20Sheet.pdf%22
A12: 46302 | B12: =IFERROR("https://drive.google.com/file/d/"&VLOOKUP("k893d3cbb2ff5",Drive!$A:$B,2,0)&"/view","https://drive.google.com/drive/search?q=title:%22A7%203.08%20Writing%20Large%20Numbers%20in%20Scientific%20Notation%20-%20Slides.pdf%22") -> https://drive.google.com/drive/search?q=title:%22A7%203.08%20Writing%20Large%20Numbers%20in%20Scientific%20Notation%20-%20Slides.pdf%22 | C12: =IFERROR("https://drive.google.com/file/d/"&VLOOKUP("kda34696931d2",Drive!$A:$B,2,0)&"/view","https://drive.google.com/drive/search?q=title:%22A7%203.08%20Writing%20Large%20Numbers%20in%20Scientific%20Notation%20-%20Slides.pptx%22") -> https://drive.google.com/drive/search?q=title:%22A7%203.08%20Writing%20Large%20Numbers%20in%20Scientific%20Notation%20-%20Slides.pptx%22 | D12: =IFERROR("https://drive.google.com/file/d/"&VLOOKUP("k555f3b17acda",Drive!$A:$B,2,0)&"/view","https://drive.google.com/drive/search?q=title:%22A7%203.08%20Writing%20Large%20Numbers%20in%20Scientific%20Notation%20-%20Teacher%20Edition.pdf%22") -> https://drive.google.com/drive/search?q=title:%22A7%203.08%20Writing%20Large%20Numbers%20in%20Scientific%20Notation%20-%20Teacher%20Edition.pdf%22 | E12: =IFERROR("https://drive.google.com/file/d/"&VLOOKUP("k4ae5b1295f0b",Drive!$A:$B,2,0)&"/view","https://drive.google.com/drive/search?q=title:%22A7%203.08%20Writing%20Large%20Numbers%20in%20Scientific%20Notation%20-%20Lesson%20Plan.pdf%22") -> https://drive.google.com/drive/search?q=title:%22A7%203.08%20Writing%20Large%20Numbers%20in%20Scientific%20Notation%20-%20Lesson%20Plan.pdf%22 | F12: =IFERROR("https://drive.google.com/file/d/"&VLOOKUP("k351d2cf1be33",Drive!$A:$B,2,0)&"/view","https://drive.google.com/drive/search?q=title:%22A7%203.08%20Writing%20Large%20Numbers%20in%20Scientific%20Notation%20-%20Question%20Bank.pdf%22") -> https://drive.google.com/drive/search?q=title:%22A7%203.08%20Writing%20Large%20Numbers%20in%20Scientific%20Notation%20-%20Question%20Bank.pdf%22 | G12: =IFERROR("https://drive.google.com/file/d/"&VLOOKUP("k6d8330cc40ae",Drive!$A:$B,2,0)&"/view","https://drive.google.com/drive/search?q=title:%22A7%203.08%20Writing%20Large%20Numbers%20in%20Scientific%20Notation%20-%20Question%20Bank%20-%20Key.pdf%22") -> https://drive.google.com/drive/search?q=title:%22A7%203.08%20Writing%20Large%20Numbers%20in%20Scientific%20Notation%20-%20Question%20Bank%20-%20Key.pdf%22 | H12: =IFERROR("https://drive.google.com/file/d/"&VLOOKUP("k24bc0868d6b4",Drive!$A:$B,2,0)&"/view","https://drive.google.com/drive/search?q=title:%22A7%203.08%20Writing%20Large%20Numbers%20in%20Scientific%20Notation%20-%20Additional%20Question%20Bank.pdf%22") -> https://drive.google.com/drive/search?q=title:%22A7%203.08%20Writing%20Large%20Numbers%20in%20Scientific%20Notation%20-%20Additional%20Question%20Bank.pdf%22 | I12: =IFERROR("https://drive.google.com/file/d/"&VLOOKUP("kd4bcc070b88a",Drive!$A:$B,2,0)&"/view","https://drive.google.com/drive/search?q=title:%22A7%203.08%20Writing%20Large%20Numbers%20in%20Scientific%20Notation%20-%20Additional%20Question%20Bank%20-%20Key.pdf%22") -> https://drive.google.com/drive/search?q=title:%22A7%203.08%20Writing%20Large%20Numbers%20in%20Scientific%20Notation%20-%20Additional%20Question%20Bank%20-%20Key.pdf%22 | J12: =IFERROR("https://drive.google.com/file/d/"&VLOOKUP("k8063b5e77d22",Drive!$A:$B,2,0)&"/view","https://drive.google.com/drive/search?q=title:%22A7%203.08%20Writing%20Large%20Numbers%20in%20Scientific%20Notation%20-%20Independent%20Set.pdf%22") -> https://drive.google.com/drive/search?q=title:%22A7%203.08%20Writing%20Large%20Numbers%20in%20Scientific%20Notation%20-%20Independent%20Set.pdf%22 | K12: =IFERROR("https://drive.google.com/file/d/"&VLOOKUP("k82e97162cff6",Drive!$A:$B,2,0)&"/view","https://drive.google.com/drive/search?q=title:%22A7%203.08%20Writing%20Large%20Numbers%20in%20Scientific%20Notation%20-%20Independent%20Set%20-%20Key.pdf%22") -> https://drive.google.com/drive/search?q=title:%22A7%203.08%20Writing%20Large%20Numbers%20in%20Scientific%20Notation%20-%20Independent%20Set%20-%20Key.pdf%22 | L12: =IFERROR("https://drive.google.com/drive/folders/"&VLOOKUP("kb8fed8266c53",Drive!$A:$B,2,0),"https://drive.google.com/drive/search?q=title:%22A7%20Unit%203%20-%20Exponents%20and%20Scientific%20Notation%22%20type:folder") -> https://drive.google.com/drive/search?q=title:%22A7%20Unit%203%20-%20Exponents%20and%20Scientific%20Notation%22%20type:folder | M12: https://drive.google.com/drive/search?q=title:%22A7%203.08%22 | O12: 'Unit tests'!E6 | P12: open | Q12: =IFERROR("https://drive.google.com/file/d/"&VLOOKUP("ke52ff0df0d4b",Drive!$A:$B,2,0)&"/view","https://drive.google.com/drive/search?q=title:%22A7%20Unit%203%20Exponents%20and%20Scientific%20Notation%20-%20Test.pdf%22") -> https://drive.google.com/drive/search?q=title:%22A7%20Unit%203%20Exponents%20and%20Scientific%20Notation%20-%20Test.pdf%22
A13: 46303 | L13: =IFERROR("https://drive.google.com/drive/folders/"&VLOOKUP("kb8fed8266c53",Drive!$A:$B,2,0),"https://drive.google.com/drive/search?q=title:%22A7%20Unit%203%20-%20Exponents%20and%20Scientific%20Notation%22%20type:folder") -> https://drive.google.com/drive/search?q=title:%22A7%20Unit%203%20-%20Exponents%20and%20Scientific%20Notation%22%20type:folder | O13: 'Unit tests'!F6 | P13: open | Q13: =IFERROR("https://drive.google.com/file/d/"&VLOOKUP("kf990f1c33e7d",Drive!$A:$B,2,0)&"/view","https://drive.google.com/drive/search?q=title:%22A7%20Unit%203%20Exponents%20and%20Scientific%20Notation%20-%20Test%20-%20Key.pdf%22") -> https://drive.google.com/drive/search?q=title:%22A7%20Unit%203%20Exponents%20and%20Scientific%20Notation%20-%20Test%20-%20Key.pdf%22
A14: 46304 | B14: =IFERROR("https://drive.google.com/file/d/"&VLOOKUP("kb2d4b21f33c0",Drive!$A:$B,2,0)&"/view","https://drive.google.com/drive/search?q=title:%22A7%203.09%20Writing%20Small%20Numbers%20in%20Scientific%20Notation%20-%20Slides.pdf%22") -> https://drive.google.com/drive/search?q=title:%22A7%203.09%20Writing%20Small%20Numbers%20in%20Scientific%20Notation%20-%20Slides.pdf%22 | C14: =IFERROR("https://drive.google.com/file/d/"&VLOOKUP("kb52414f64bb2",Drive!$A:$B,2,0)&"/view","https://drive.google.com/drive/search?q=title:%22A7%203.09%20Writing%20Small%20Numbers%20in%20Scientific%20Notation%20-%20Slides.pptx%22") -> https://drive.google.com/drive/search?q=title:%22A7%203.09%20Writing%20Small%20Numbers%20in%20Scientific%20Notation%20-%20Slides.pptx%22 | D14: =IFERROR("https://drive.google.com/file/d/"&VLOOKUP("kc13228a003de",Drive!$A:$B,2,0)&"/view","https://drive.google.com/drive/search?q=title:%22A7%203.09%20Writing%20Small%20Numbers%20in%20Scientific%20Notation%20-%20Teacher%20Edition.pdf%22") -> https://drive.google.com/drive/search?q=title:%22A7%203.09%20Writing%20Small%20Numbers%20in%20Scientific%20Notation%20-%20Teacher%20Edition.pdf%22 | E14: =IFERROR("https://drive.google.com/file/d/"&VLOOKUP("ke80365259437",Drive!$A:$B,2,0)&"/view","https://drive.google.com/drive/search?q=title:%22A7%203.09%20Writing%20Small%20Numbers%20in%20Scientific%20Notation%20-%20Lesson%20Plan.pdf%22") -> https://drive.google.com/drive/search?q=title:%22A7%203.09%20Writing%20Small%20Numbers%20in%20Scientific%20Notation%20-%20Lesson%20Plan.pdf%22 | F14: =IFERROR("https://drive.google.com/file/d/"&VLOOKUP("k190830142932",Drive!$A:$B,2,0)&"/view","https://drive.google.com/drive/search?q=title:%22A7%203.09%20Writing%20Small%20Numbers%20in%20Scientific%20Notation%20-%20Question%20Bank.pdf%22") -> https://drive.google.com/drive/search?q=title:%22A7%203.09%20Writing%20Small%20Numbers%20in%20Scientific%20Notation%20-%20Question%20Bank.pdf%22 | G14: =IFERROR("https://drive.google.com/file/d/"&VLOOKUP("k6873a33ae932",Drive!$A:$B,2,0)&"/view","https://drive.google.com/drive/search?q=title:%22A7%203.09%20Writing%20Small%20Numbers%20in%20Scientific%20Notation%20-%20Question%20Bank%20-%20Key.pdf%22") -> https://drive.google.com/drive/search?q=title:%22A7%203.09%20Writing%20Small%20Numbers%20in%20Scientific%20Notation%20-%20Question%20Bank%20-%20Key.pdf%22 | H14: =IFERROR("https://drive.google.com/file/d/"&VLOOKUP("k44346ec89135",Drive!$A:$B,2,0)&"/view","https://drive.google.com/drive/search?q=title:%22A7%203.09%20Writing%20Small%20Numbers%20in%20Scientific%20Notation%20-%20Additional%20Question%20Bank.pdf%22") -> https://drive.google.com/drive/search?q=title:%22A7%203.09%20Writing%20Small%20Numbers%20in%20Scientific%20Notation%20-%20Additional%20Question%20Bank.pdf%22 | I14: =IFERROR("https://drive.google.com/file/d/"&VLOOKUP("k7f53cfc630ab",Drive!$A:$B,2,0)&"/view","https://drive.google.com/drive/search?q=title:%22A7%203.09%20Writing%20Small%20Numbers%20in%20Scientific%20Notation%20-%20Additional%20Question%20Bank%20-%20Key.pdf%22") -> https://drive.google.com/drive/search?q=title:%22A7%203.09%20Writing%20Small%20Numbers%20in%20Scientific%20Notation%20-%20Additional%20Question%20Bank%20-%20Key.pdf%22 | J14: =IFERROR("https://drive.google.com/file/d/"&VLOOKUP("kffb6d56584df",Drive!$A:$B,2,0)&"/view","https://drive.google.com/drive/search?q=title:%22A7%203.09%20Writing%20Small%20Numbers%20in%20Scientific%20Notation%20-%20Independent%20Set.pdf%22") -> https://drive.google.com/drive/search?q=title:%22A7%203.09%20Writing%20Small%20Numbers%20in%20Scientific%20Notation%20-%20Independent%20Set.pdf%22 | K14: =IFERROR("https://drive.google.com/file/d/"&VLOOKUP("k392c6b8a3c03",Drive!$A:$B,2,0)&"/view","https://drive.google.com/drive/search?q=title:%22A7%203.09%20Writing%20Small%20Numbers%20in%20Scientific%20Notation%20-%20Independent%20Set%20-%20Key.pdf%22") -> https://drive.google.com/drive/search?q=title:%22A7%203.09%20Writing%20Small%20Numbers%20in%20Scientific%20Notation%20-%20Independent%20Set%20-%20Key.pdf%22 | L14: =IFERROR("https://drive.google.com/drive/folders/"&VLOOKUP("kb8fed8266c53",Drive!$A:$B,2,0),"https://drive.google.com/drive/search?q=title:%22A7%20Unit%203%20-%20Exponents%20and%20Scientific%20Notation%22%20type:folder") -> https://drive.google.com/drive/search?q=title:%22A7%20Unit%203%20-%20Exponents%20and%20Scientific%20Notation%22%20type:folder | M14: https://drive.google.com/drive/search?q=title:%22A7%203.09%22 | O14: 'Unit tests'!G6 | P14: open | Q14: =IFERROR("https://drive.google.com/file/d/"&VLOOKUP("kb93ffed6ca63",Drive!$A:$B,2,0)&"/view","https://drive.google.com/drive/search?q=title:%22A7%20Unit%203%20Exponents%20and%20Scientific%20Notation%20-%20Review.pdf%22") -> https://drive.google.com/drive/search?q=title:%22A7%20Unit%203%20Exponents%20and%20Scientific%20Notation%20-%20Review.pdf%22
A15: 46308 | B15: =IFERROR("https://drive.google.com/file/d/"&VLOOKUP("kb93ffed6ca63",Drive!$A:$B,2,0)&"/view","https://drive.google.com/drive/search?q=title:%22A7%20Unit%203%20Exponents%20and%20Scientific%20Notation%20-%20Review.pdf%22") -> https://drive.google.com/drive/search?q=title:%22A7%20Unit%203%20Exponents%20and%20Scientific%20Notation%20-%20Review.pdf%22 | G15: =IFERROR("https://drive.google.com/file/d/"&VLOOKUP("k467ef44c3569",Drive!$A:$B,2,0)&"/view","https://drive.google.com/drive/search?q=title:%22A7%20Unit%203%20Exponents%20and%20Scientific%20Notation%20-%20Review%20-%20Key.pdf%22") -> https://drive.google.com/drive/search?q=title:%22A7%20Unit%203%20Exponents%20and%20Scientific%20Notation%20-%20Review%20-%20Key.pdf%22 | L15: =IFERROR("https://drive.google.com/drive/folders/"&VLOOKUP("kb8fed8266c53",Drive!$A:$B,2,0),"https://drive.google.com/drive/search?q=title:%22A7%20Unit%203%20-%20Exponents%20and%20Scientific%20Notation%22%20type:folder") -> https://drive.google.com/drive/search?q=title:%22A7%20Unit%203%20-%20Exponents%20and%20Scientific%20Notation%22%20type:folder | O15: 'Unit tests'!H6 | P15: open | Q15: =IFERROR("https://drive.google.com/file/d/"&VLOOKUP("k467ef44c3569",Drive!$A:$B,2,0)&"/view","https://drive.google.com/drive/search?q=title:%22A7%20Unit%203%20Exponents%20and%20Scientific%20Notation%20-%20Review%20-%20Key.pdf%22") -> https://drive.google.com/drive/search?q=title:%22A7%20Unit%203%20Exponents%20and%20Scientific%20Notation%20-%20Review%20-%20Key.pdf%22
A16: 46309 | B16: =IFERROR("https://drive.google.com/file/d/"&VLOOKUP("kb93ffed6ca63",Drive!$A:$B,2,0)&"/view","https://drive.google.com/drive/search?q=title:%22A7%20Unit%203%20Exponents%20and%20Scientific%20Notation%20-%20Review.pdf%22") -> https://drive.google.com/drive/search?q=title:%22A7%20Unit%203%20Exponents%20and%20Scientific%20Notation%20-%20Review.pdf%22 | G16: =IFERROR("https://drive.google.com/file/d/"&VLOOKUP("k467ef44c3569",Drive!$A:$B,2,0)&"/view","https://drive.google.com/drive/search?q=title:%22A7%20Unit%203%20Exponents%20and%20Scientific%20Notation%20-%20Review%20-%20Key.pdf%22") -> https://drive.google.com/drive/search?q=title:%22A7%20Unit%203%20Exponents%20and%20Scientific%20Notation%20-%20Review%20-%20Key.pdf%22 | L16: =IFERROR("https://drive.google.com/drive/folders/"&VLOOKUP("kb8fed8266c53",Drive!$A:$B,2,0),"https://drive.google.com/drive/search?q=title:%22A7%20Unit%203%20-%20Exponents%20and%20Scientific%20Notation%22%20type:folder") -> https://drive.google.com/drive/search?q=title:%22A7%20Unit%203%20-%20Exponents%20and%20Scientific%20Notation%22%20type:folder | O16: 'Unit tests'!I6 | P16: open | Q16: =IFERROR("https://drive.google.com/file/d/"&VLOOKUP("k1f816ed6a0ec",Drive!$A:$B,2,0)&"/view","https://drive.google.com/drive/search?q=title:%22A7%20Unit%203%20Exponents%20and%20Scientific%20Notation%20-%20Reference%20Sheet.pdf%22") -> https://drive.google.com/drive/search?q=title:%22A7%20Unit%203%20Exponents%20and%20Scientific%20Notation%20-%20Reference%20Sheet.pdf%22
A17: 46310 | B17: =IFERROR("https://drive.google.com/file/d/"&VLOOKUP("ke52ff0df0d4b",Drive!$A:$B,2,0)&"/view","https://drive.google.com/drive/search?q=title:%22A7%20Unit%203%20Exponents%20and%20Scientific%20Notation%20-%20Test.pdf%22") -> https://drive.google.com/drive/search?q=title:%22A7%20Unit%203%20Exponents%20and%20Scientific%20Notation%20-%20Test.pdf%22 | G17: =IFERROR("https://drive.google.com/file/d/"&VLOOKUP("kf990f1c33e7d",Drive!$A:$B,2,0)&"/view","https://drive.google.com/drive/search?q=title:%22A7%20Unit%203%20Exponents%20and%20Scientific%20Notation%20-%20Test%20-%20Key.pdf%22") -> https://drive.google.com/drive/search?q=title:%22A7%20Unit%203%20Exponents%20and%20Scientific%20Notation%20-%20Test%20-%20Key.pdf%22 | L17: =IFERROR("https://drive.google.com/drive/folders/"&VLOOKUP("kb8fed8266c53",Drive!$A:$B,2,0),"https://drive.google.com/drive/search?q=title:%22A7%20Unit%203%20-%20Exponents%20and%20Scientific%20Notation%22%20type:folder") -> https://drive.google.com/drive/search?q=title:%22A7%20Unit%203%20-%20Exponents%20and%20Scientific%20Notation%22%20type:folder | O17: 'Unit tests'!E7 | P17: open | Q17: =IFERROR("https://drive.google.com/file/d/"&VLOOKUP("k7c17b9b2eea3",Drive!$A:$B,2,0)&"/view","https://drive.google.com/drive/search?q=title:%22A7%20Unit%204%20Solving%20Problems%20with%20Rational%20Numbers%20-%20Test.pdf%22") -> https://drive.google.com/drive/search?q=title:%22A7%20Unit%204%20Solving%20Problems%20with%20Rational%20Numbers%20-%20Test.pdf%22
A18: 46311 | B18: =IFERROR("https://drive.google.com/file/d/"&VLOOKUP("ke3f2334719df",Drive!$A:$B,2,0)&"/view","https://drive.google.com/drive/search?q=title:%22A7%204.01%20Adding%20and%20Subtracting%20in%20Scientific%20Notation%20-%20Slides.pdf%22") -> https://drive.google.com/drive/search?q=title:%22A7%204.01%20Adding%20and%20Subtracting%20in%20Scientific%20Notation%20-%20Slides.pdf%22 | C18: =IFERROR("https://drive.google.com/file/d/"&VLOOKUP("k832cf0398976",Drive!$A:$B,2,0)&"/view","https://drive.google.com/drive/search?q=title:%22A7%204.01%20Adding%20and%20Subtracting%20in%20Scientific%20Notation%20-%20Slides.pptx%22") -> https://drive.google.com/drive/search?q=title:%22A7%204.01%20Adding%20and%20Subtracting%20in%20Scientific%20Notation%20-%20Slides.pptx%22 | D18: =IFERROR("https://drive.google.com/file/d/"&VLOOKUP("kc863ee368adb",Drive!$A:$B,2,0)&"/view","https://drive.google.com/drive/search?q=title:%22A7%204.01%20Adding%20and%20Subtracting%20in%20Scientific%20Notation%20-%20Teacher%20Edition.pdf%22") -> https://drive.google.com/drive/search?q=title:%22A7%204.01%20Adding%20and%20Subtracting%20in%20Scientific%20Notation%20-%20Teacher%20Edition.pdf%22 | E18: =IFERROR("https://drive.google.com/file/d/"&VLOOKUP("k814e6f2de532",Drive!$A:$B,2,0)&"/view","https://drive.google.com/drive/search?q=title:%22A7%204.01%20Adding%20and%20Subtracting%20in%20Scientific%20Notation%20-%20Lesson%20Plan.pdf%22") -> https://drive.google.com/drive/search?q=title:%22A7%204.01%20Adding%20and%20Subtracting%20in%20Scientific%20Notation%20-%20Lesson%20Plan.pdf%22 | F18: =IFERROR("https://drive.google.com/file/d/"&VLOOKUP("k931bd96660b9",Drive!$A:$B,2,0)&"/view","https://drive.google.com/drive/search?q=title:%22A7%204.01%20Adding%20and%20Subtracting%20in%20Scientific%20Notation%20-%20Question%20Bank.pdf%22") -> https://drive.google.com/drive/search?q=title:%22A7%204.01%20Adding%20and%20Subtracting%20in%20Scientific%20Notation%20-%20Question%20Bank.pdf%22 | G18: =IFERROR("https://drive.google.com/file/d/"&VLOOKUP("k0064df2b7e9a",Drive!$A:$B,2,0)&"/view","https://drive.google.com/drive/search?q=title:%22A7%204.01%20Adding%20and%20Subtracting%20in%20Scientific%20Notation%20-%20Question%20Bank%20-%20Key.pdf%22") -> https://drive.google.com/drive/search?q=title:%22A7%204.01%20Adding%20and%20Subtracting%20in%20Scientific%20Notation%20-%20Question%20Bank%20-%20Key.pdf%22 | H18: =IFERROR("https://drive.google.com/file/d/"&VLOOKUP("k205338343d2c",Drive!$A:$B,2,0)&"/view","https://drive.google.com/drive/search?q=title:%22A7%204.01%20Adding%20and%20Subtracting%20in%20Scientific%20Notation%20-%20Additional%20Question%20Bank.pdf%22") -> https://drive.google.com/drive/search?q=title:%22A7%204.01%20Adding%20and%20Subtracting%20in%20Scientific%20Notation%20-%20Additional%20Question%20Bank.pdf%22 | I18: =IFERROR("https://drive.google.com/file/d/"&VLOOKUP("k88bae2887c1e",Drive!$A:$B,2,0)&"/view","https://drive.google.com/drive/search?q=title:%22A7%204.01%20Adding%20and%20Subtracting%20in%20Scientific%20Notation%20-%20Additional%20Question%20Bank%20-%20Key.pdf%22") -> https://drive.google.com/drive/search?q=title:%22A7%204.01%20Adding%20and%20Subtracting%20in%20Scientific%20Notation%20-%20Additional%20Question%20Bank%20-%20Key.pdf%22 | J18: =IFERROR("https://drive.google.com/file/d/"&VLOOKUP("k070e33922e15",Drive!$A:$B,2,0)&"/view","https://drive.google.com/drive/search?q=title:%22A7%204.01%20Adding%20and%20Subtracting%20in%20Scientific%20Notation%20-%20Independent%20Set.pdf%22") -> https://drive.google.com/drive/search?q=title:%22A7%204.01%20Adding%20and%20Subtracting%20in%20Scientific%20Notation%20-%20Independent%20Set.pdf%22 | K18: =IFERROR("https://drive.google.com/file/d/"&VLOOKUP("k3b0104b10ec6",Drive!$A:$B,2,0)&"/view","https://drive.google.com/drive/search?q=title:%22A7%204.01%20Adding%20and%20Subtracting%20in%20Scientific%20Notation%20-%20Independent%20Set%20-%20Key.pdf%22") -> https://drive.google.com/drive/search?q=title:%22A7%204.01%20Adding%20and%20Subtracting%20in%20Scientific%20Notation%20-%20Independent%20Set%20-%20Key.pdf%22 | L18: =IFERROR("https://drive.google.com/drive/folders/"&VLOOKUP("k19f682b91838",Drive!$A:$B,2,0),"https://drive.google.com/drive/search?q=title:%22A7%20Unit%204%20-%20Solving%20Problems%20with%20Rational%20Numbers%22%20type:folder") -> https://drive.google.com/drive/search?q=title:%22A7%20Unit%204%20-%20Solving%20Problems%20with%20Rational%20Numbers%22%20type:folder | M18: https://drive.google.com/drive/search?q=title:%22A7%204.01%22 | O18: 'Unit tests'!F7 | P18: open | Q18: =IFERROR("https://drive.google.com/file/d/"&VLOOKUP("k584fc57b9722",Drive!$A:$B,2,0)&"/view","https://drive.google.com/drive/search?q=title:%22A7%20Unit%204%20Solving%20Problems%20with%20Rational%20Numbers%20-%20Test%20-%20Key.pdf%22") -> https://drive.google.com/drive/search?q=title:%22A7%20Unit%204%20Solving%20Problems%20with%20Rational%20Numbers%20-%20Test%20-%20Key.pdf%22
A19: 46314 | B19: =IFERROR("https://drive.google.com/file/d/"&VLOOKUP("k987f2ff0d293",Drive!$A:$B,2,0)&"/view","https://drive.google.com/drive/search?q=title:%22A7%204.02%20Multiplying%20and%20Dividing%20in%20Scientific%20Notation%20-%20Slides.pdf%22") -> https://drive.google.com/drive/search?q=title:%22A7%204.02%20Multiplying%20and%20Dividing%20in%20Scientific%20Notation%20-%20Slides.pdf%22 | C19: =IFERROR("https://drive.google.com/file/d/"&VLOOKUP("k6d020beb8a95",Drive!$A:$B,2,0)&"/view","https://drive.google.com/drive/search?q=title:%22A7%204.02%20Multiplying%20and%20Dividing%20in%20Scientific%20Notation%20-%20Slides.pptx%22") -> https://drive.google.com/drive/search?q=title:%22A7%204.02%20Multiplying%20and%20Dividing%20in%20Scientific%20Notation%20-%20Slides.pptx%22 | D19: =IFERROR("https://drive.google.com/file/d/"&VLOOKUP("k244a4155840c",Drive!$A:$B,2,0)&"/view","https://drive.google.com/drive/search?q=title:%22A7%204.02%20Multiplying%20and%20Dividing%20in%20Scientific%20Notation%20-%20Teacher%20Edition.pdf%22") -> https://drive.google.com/drive/search?q=title:%22A7%204.02%20Multiplying%20and%20Dividing%20in%20Scientific%20Notation%20-%20Teacher%20Edition.pdf%22 | E19: =IFERROR("https://drive.google.com/file/d/"&VLOOKUP("k16c8c42e47d6",Drive!$A:$B,2,0)&"/view","https://drive.google.com/drive/search?q=title:%22A7%204.02%20Multiplying%20and%20Dividing%20in%20Scientific%20Notation%20-%20Lesson%20Plan.pdf%22") -> https://drive.google.com/drive/search?q=title:%22A7%204.02%20Multiplying%20and%20Dividing%20in%20Scientific%20Notation%20-%20Lesson%20Plan.pdf%22 | F19: =IFERROR("https://drive.google.com/file/d/"&VLOOKUP("kd2ea5d6330c3",Drive!$A:$B,2,0)&"/view","https://drive.google.com/drive/search?q=title:%22A7%204.02%20Multiplying%20and%20Dividing%20in%20Scientific%20Notation%20-%20Question%20Bank.pdf%22") -> https://drive.google.com/drive/search?q=title:%22A7%204.02%20Multiplying%20and%20Dividing%20in%20Scientific%20Notation%20-%20Question%20Bank.pdf%22 | G19: =IFERROR("https://drive.google.com/file/d/"&VLOOKUP("ka18e088938fd",Drive!$A:$B,2,0)&"/view","https://drive.google.com/drive/search?q=title:%22A7%204.02%20Multiplying%20and%20Dividing%20in%20Scientific%20Notation%20-%20Question%20Bank%20-%20Key.pdf%22") -> https://drive.google.com/drive/search?q=title:%22A7%204.02%20Multiplying%20and%20Dividing%20in%20Scientific%20Notation%20-%20Question%20Bank%20-%20Key.pdf%22 | H19: =IFERROR("https://drive.google.com/file/d/"&VLOOKUP("kb1b889fdbcc6",Drive!$A:$B,2,0)&"/view","https://drive.google.com/drive/search?q=title:%22A7%204.02%20Multiplying%20and%20Dividing%20in%20Scientific%20Notation%20-%20Additional%20Question%20Bank.pdf%22") -> https://drive.google.com/drive/search?q=title:%22A7%204.02%20Multiplying%20and%20Dividing%20in%20Scientific%20Notation%20-%20Additional%20Question%20Bank.pdf%22 | I19: =IFERROR("https://drive.google.com/file/d/"&VLOOKUP("k0904423a0053",Drive!$A:$B,2,0)&"/view","https://drive.google.com/drive/search?q=title:%22A7%204.02%20Multiplying%20and%20Dividing%20in%20Scientific%20Notation%20-%20Additional%20Question%20Bank%20-%20Key.pdf%22") -> https://drive.google.com/drive/search?q=title:%22A7%204.02%20Multiplying%20and%20Dividing%20in%20Scientific%20Notation%20-%20Additional%20Question%20Bank%20-%20Key.pdf%22 | J19: =IFERROR("https://drive.google.com/file/d/"&VLOOKUP("k1efd2834e505",Drive!$A:$B,2,0)&"/view","https://drive.google.com/drive/search?q=title:%22A7%204.02%20Multiplying%20and%20Dividing%20in%20Scientific%20Notation%20-%20Independent%20Set.pdf%22") -> https://drive.google.com/drive/search?q=title:%22A7%204.02%20Multiplying%20and%20Dividing%20in%20Scientific%20Notation%20-%20Independent%20Set.pdf%22 | K19: =IFERROR("https://drive.google.com/file/d/"&VLOOKUP("k7d90cf07c2a0",Drive!$A:$B,2,0)&"/view","https://drive.google.com/drive/search?q=title:%22A7%204.02%20Multiplying%20and%20Dividing%20in%20Scientific%20Notation%20-%20Independent%20Set%20-%20Key.pdf%22") -> https://drive.google.com/drive/search?q=title:%22A7%204.02%20Multiplying%20and%20Dividing%20in%20Scientific%20Notation%20-%20Independent%20Set%20-%20Key.pdf%22 | L19: =IFERROR("https://drive.google.com/drive/folders/"&VLOOKUP("k19f682b91838",Drive!$A:$B,2,0),"https://drive.google.com/drive/search?q=title:%22A7%20Unit%204%20-%20Solving%20Problems%20with%20Rational%20Numbers%22%20type:folder") -> https://drive.google.com/drive/search?q=title:%22A7%20Unit%204%20-%20Solving%20Problems%20with%20Rational%20Numbers%22%20type:folder | M19: https://drive.google.com/drive/search?q=title:%22A7%204.02%22 | O19: 'Unit tests'!G7 | P19: open | Q19: =IFERROR("https://drive.google.com/file/d/"&VLOOKUP("ke57d72cf0716",Drive!$A:$B,2,0)&"/view","https://drive.google.com/drive/search?q=title:%22A7%20Unit%204%20Solving%20Problems%20with%20Rational%20Numbers%20-%20Review.pdf%22") -> https://drive.google.com/drive/search?q=title:%22A7%20Unit%204%20Solving%20Problems%20with%20Rational%20Numbers%20-%20Review.pdf%22
